captured_at_utc,github_event_name,github_event_schedule,github_run_id,github_run_attempt,github_sha,evaluation_protocol_version,evaluation_protocol_sha256,official_evaluation_eligible,entry_lead_minutes,challenger_version,research_only,orientation_ready,season,week,game_id,start_date,away_team,home_team,venue_id,venue_name,division_track,closing_total,line_provider,baseline_status,baseline_pred_market_residual,model_projected_total,challenger_status,challenger_pred_market_residual,challenger_projected_total,challenger_abs_edge,challenger_minus_baseline_edge,status_changed,temperature_f,humidity,precipitation,wind_mph,wind_gust_mph,shadow_wind_direction_degrees,field_axis_deg,axis_uncertainty_deg,wind_field_angle_deg,crosswind_mph,alongwind_mph,nws_status,shadow_weather_status,weather_summary
2026-09-05T10:39:07.308215+00:00,schedule,17 6 * * 6,33961120017,1,0e180a3a83780b48c1b378920b0a3f94ac7ce103,orientation-eval-2026.2,c2fa1b1aaf967fb49d4f335564e11a2d2918fd41c77a7790c7b3877c5146d1ce,False,530.8781964166667,orientation-crosswind-hgb-v0.1,True,False,2026,1,401866625,2026-09-05 19:30:00+00:00,Western Carolina,Campbell,3629.0,Barker-Lane Stadium,FCS,67.5,DraftKings,QUALIFIES,-8.721497885469075,58.77850211453092,NO PLAY,,,,,True,97.0,42.0,0.14,3.452337276,9.206232736,,,,,,,ok,not_applicable,Measurable precipitation forecast
2026-09-05T10:39:07.308215+00:00,schedule,17 6 * * 6,33961120017,1,0e180a3a83780b48c1b378920b0a3f94ac7ce103,orientation-eval-2026.2,c2fa1b1aaf967fb49d4f335564e11a2d2918fd41c77a7790c7b3877c5146d1ce,False,800.8781964166667,orientation-crosswind-hgb-v0.1,True,False,2026,1,401867845,2026-09-06 00:00:00+00:00,Illinois State,Western Illinois,3746.0,Hanson Field,FCS,59.5,DraftKings,QUALIFIES,-8.237795406454655,51.26220459354535,NO PLAY,,,,,True,88.0,68.0,0.0,5.75389546,12.658570012,,,,,,,ok,not_applicable,No meaningful precipitation signal
2026-09-05T10:39:07.308215+00:00,schedule,17 6 * * 6,33961120017,1,0e180a3a83780b48c1b378920b0a3f94ac7ce103,orientation-eval-2026.2,c2fa1b1aaf967fb49d4f335564e11a2d2918fd41c77a7790c7b3877c5146d1ce,False,680.8781964166667,orientation-crosswind-hgb-v0.1,True,False,2026,1,401867692,2026-09-05 22:00:00+00:00,Delaware State,William & Mary,3998.0,Zable Stadium,FCS,56.5,DraftKings,NO PLAY,10.80686423501382,67.30686423501382,NO PLAY,,,,,False,82.0,74.0,0.16,4.603116368,6.904674552,,,,,,,ok,not_applicable,Measurable precipitation forecast
2026-09-05T10:39:07.308215+00:00,schedule,17 6 * * 6,33961120017,1,0e180a3a83780b48c1b378920b0a3f94ac7ce103,orientation-eval-2026.2,c2fa1b1aaf967fb49d4f335564e11a2d2918fd41c77a7790c7b3877c5146d1ce,False,740.8781964166667,orientation-crosswind-hgb-v0.1,True,False,2026,1,401868071,2026-09-05 23:00:00+00:00,West Florida,Central Arkansas,3711.0,Estes Stadium,FCS,55.5,DraftKings,NO PLAY,6.980222663623851,62.48022266362385,NO PLAY,,,,,False,98.0,45.0,0.01,2.301558184,4.603116368,,,,,,,ok,not_applicable,No meaningful precipitation signal
2026-09-05T10:39:07.308215+00:00,schedule,17 6 * * 6,33961120017,1,0e180a3a83780b48c1b378920b0a3f94ac7ce103,orientation-eval-2026.2,c2fa1b1aaf967fb49d4f335564e11a2d2918fd41c77a7790c7b3877c5146d1ce,False,350.87819641666664,orientation-crosswind-hgb-v0.1,True,False,2026,1,401868017,2026-09-05 16:30:00+00:00,Lehigh,Georgetown,3847.0,Cooper Field,FCS,49.5,DraftKings,NO PLAY,6.627347940807075,56.12734794080708,NO PLAY,,,,,False,80.0,72.0,0.01,5.75389546,11.50779092,,,,,,,ok,not_applicable,No meaningful precipitation signal
2026-09-05T10:39:07.308215+00:00,schedule,17 6 * * 6,33961120017,1,0e180a3a83780b48c1b378920b0a3f94ac7ce103,orientation-eval-2026.2,c2fa1b1aaf967fb49d4f335564e11a2d2918fd41c77a7790c7b3877c5146d1ce,False,680.8781964166667,orientation-crosswind-hgb-v0.1,True,False,2026,1,401869127,2026-09-05 22:00:00+00:00,Richmond,Howard,3990.0,William H. Greene Stadium,FCS,45.5,DraftKings,NO PLAY,6.485526650857721,51.98552665085772,NO PLAY,,,,,False,79.0,69.0,0.0,4.603116368,8.055453644,,,,,,,ok,not_applicable,No meaningful precipitation signal
2026-09-05T10:39:07.308215+00:00,schedule,17 6 * * 6,33961120017,1,0e180a3a83780b48c1b378920b0a3f94ac7ce103,orientation-eval-2026.2,c2fa1b1aaf967fb49d4f335564e11a2d2918fd41c77a7790c7b3877c5146d1ce,False,500.87819641666664,orientation-crosswind-hgb-v0.1,True,False,2026,1,401868111,2026-09-05 19:00:00+00:00,Drake,Montana,3987.0,Washington-Grizzly Stadium,FCS,57.5,DraftKings,NO PLAY,6.432531339043785,63.93253133904378,NO PLAY,,,,,False,66.0,61.0,0.04,1.150779092,6.904674552,,179.89373597081112,1.873851391023768,,,,ok,not_applicable,Measurable precipitation forecast
2026-09-05T10:39:07.308215+00:00,schedule,17 6 * * 6,33961120017,1,0e180a3a83780b48c1b378920b0a3f94ac7ce103,orientation-eval-2026.2,c2fa1b1aaf967fb49d4f335564e11a2d2918fd41c77a7790c7b3877c5146d1ce,False,1760.8781964166667,orientation-crosswind-hgb-v0.1,True,False,2026,1,401868967,2026-09-06 16:00:00+00:00,Texas Southern,Prairie View A&M,5238.0,Panther Stadium,FCS,54.5,DraftKings,NO PLAY,5.950550593774461,60.45055059377446,NO PLAY,,,,,False,86.0,75.0,0.11,3.452337276,3.452337276,,,,,,,ok,not_applicable,Measurable precipitation forecast
2026-09-05T10:39:07.308215+00:00,schedule,17 6 * * 6,33961120017,1,0e180a3a83780b48c1b378920b0a3f94ac7ce103,orientation-eval-2026.2,c2fa1b1aaf967fb49d4f335564e11a2d2918fd41c77a7790c7b3877c5146d1ce,False,800.8781964166667,orientation-crosswind-hgb-v0.1,True,False,2026,1,401868158,2026-09-06 00:00:00+00:00,Weber State,Southern Utah,3706.0,Eccles Coliseum,FCS,58.5,DraftKings,NO PLAY,5.6906787412589,64.19067874125889,NO PLAY,,,,,False,78.0,23.0,0.0,14.960128196,28.7694773,,,,,,,ok,not_applicable,No meaningful precipitation signal
2026-09-05T10:39:07.308215+00:00,schedule,17 6 * * 6,33961120017,1,0e180a3a83780b48c1b378920b0a3f94ac7ce103,orientation-eval-2026.2,c2fa1b1aaf967fb49d4f335564e11a2d2918fd41c77a7790c7b3877c5146d1ce,False,680.8781964166667,orientation-crosswind-hgb-v0.1,True,False,2026,1,401868274,2026-09-05 22:00:00+00:00,Presbyterian,Mercer,4417.0,Five Star Stadium at the Moye Complex,FCS,56.5,DraftKings,NO PLAY,5.4043585220055865,61.90435852200559,NO PLAY,,,,,False,95.0,49.0,0.0,3.452337276,8.055453644,,,,,,,ok,not_applicable,No meaningful precipitation signal
2026-09-05T10:39:07.308215+00:00,schedule,17 6 * * 6,33961120017,1,0e180a3a83780b48c1b378920b0a3f94ac7ce103,orientation-eval-2026.2,c2fa1b1aaf967fb49d4f335564e11a2d2918fd41c77a7790c7b3877c5146d1ce,False,380.87819641666664,orientation-crosswind-hgb-v0.1,True,False,2026,1,401868000,2026-09-05 17:00:00+00:00,Holy Cross,Colgate,3617.0,Andy Kerr Stadium,FCS,47.5,DraftKings,NO PLAY,4.869904716933212,52.36990471693321,NO PLAY,,,,,False,71.0,68.0,0.0,6.904674552,11.50779092,,,,,,,ok,not_applicable,No meaningful precipitation signal
2026-09-05T10:39:07.308215+00:00,schedule,17 6 * * 6,33961120017,1,0e180a3a83780b48c1b378920b0a3f94ac7ce103,orientation-eval-2026.2,c2fa1b1aaf967fb49d4f335564e11a2d2918fd41c77a7790c7b3877c5146d1ce,False,800.8781964166667,orientation-crosswind-hgb-v0.1,True,False,2026,1,401868306,2026-09-06 00:00:00+00:00,East Texas A&M,Stephen F. Austin,3756.0,Homer Bryce Stadium,FCS,56.5,DraftKings,NO PLAY,4.7839815824397816,61.28398158243978,NO PLAY,,,,,False,84.0,77.0,0.0,2.301558184,6.904674552,,,,,,,ok,not_applicable,No meaningful precipitation signal
2026-09-05T10:39:07.308215+00:00,schedule,17 6 * * 6,33961120017,1,0e180a3a83780b48c1b378920b0a3f94ac7ce103,orientation-eval-2026.2,c2fa1b1aaf967fb49d4f335564e11a2d2918fd41c77a7790c7b3877c5146d1ce,False,920.8781964166667,orientation-crosswind-hgb-v0.1,True,False,2026,1,401868163,2026-09-06 02:00:00+00:00,UC Davis,San Diego,716.0,Torero Stadium,FCS,57.5,DraftKings,NO PLAY,-4.375776309621213,53.124223690378784,NO PLAY,,,,,False,75.0,72.0,0.0,5.75389546,10.357011828,,,,,,,ok,not_applicable,No meaningful precipitation signal
2026-09-05T10:39:07.308215+00:00,schedule,17 6 * * 6,33961120017,1,0e180a3a83780b48c1b378920b0a3f94ac7ce103,orientation-eval-2026.2,c2fa1b1aaf967fb49d4f335564e11a2d2918fd41c77a7790c7b3877c5146d1ce,False,740.8781964166667,orientation-crosswind-hgb-v0.1,True,False,2026,1,401867684,2026-09-05 23:00:00+00:00,Chicago State,UT Martin,3748.0,Graham Stadium,FCS,61.5,DraftKings,NO PLAY,-4.254319671957875,57.24568032804213,NO PLAY,,,,,False,95.0,49.0,0.0,2.301558184,5.75389546,,,,,,,ok,not_applicable,No meaningful precipitation signal
2026-09-05T10:39:07.308215+00:00,schedule,17 6 * * 6,33961120017,1,0e180a3a83780b48c1b378920b0a3f94ac7ce103,orientation-eval-2026.2,c2fa1b1aaf967fb49d4f335564e11a2d2918fd41c77a7790c7b3877c5146d1ce,False,740.8781964166667,orientation-crosswind-hgb-v0.1,True,False,2026,1,401868085,2026-09-05 23:00:00+00:00,Northern Iowa,Eastern Washington,3906.0,Roos Field,FCS,52.5,DraftKings,NO PLAY,4.2458541650856265,56.745854165085625,NO PLAY,,,,,False,70.0,37.0,0.0,2.301558184,5.75389546,,,,,,,ok,not_applicable,No meaningful precipitation signal
2026-09-05T10:39:07.308215+00:00,schedule,17 6 * * 6,33961120017,1,0e180a3a83780b48c1b378920b0a3f94ac7ce103,orientation-eval-2026.2,c2fa1b1aaf967fb49d4f335564e11a2d2918fd41c77a7790c7b3877c5146d1ce,False,1940.8781964166667,orientation-crosswind-hgb-v0.1,True,False,2026,1,401867939,2026-09-06 19:00:00+00:00,South Carolina State,Florida A&M,3948.0,Hard Rock Stadium,FCS,55.5,DraftKings,NO PLAY,3.944260509816077,59.44426050981608,NO PLAY,,,,,False,87.0,72.0,0.23,4.603116368,8.055453644,,121.65903108347374,1.873103367360682,,,,ok,not_applicable,Measurable precipitation forecast
2026-09-05T10:39:07.308215+00:00,schedule,17 6 * * 6,33961120017,1,0e180a3a83780b48c1b378920b0a3f94ac7ce103,orientation-eval-2026.2,c2fa1b1aaf967fb49d4f335564e11a2d2918fd41c77a7790c7b3877c5146d1ce,False,800.8781964166667,orientation-crosswind-hgb-v0.1,True,False,2026,1,401867883,2026-09-06 00:00:00+00:00,South Dakota,Northern Colorado,3856.0,Nottingham Field,FCS,56.5,DraftKings,NO PLAY,-3.810812400092722,52.68918759990728,NO PLAY,,,,,False,91.0,24.0,0.0,6.904674552,11.50779092,,,,,,,ok,not_applicable,No meaningful precipitation signal
2026-09-05T10:39:07.308215+00:00,schedule,17 6 * * 6,33961120017,1,0e180a3a83780b48c1b378920b0a3f94ac7ce103,orientation-eval-2026.2,c2fa1b1aaf967fb49d4f335564e11a2d2918fd41c77a7790c7b3877c5146d1ce,False,680.8781964166667,orientation-crosswind-hgb-v0.1,True,False,2026,1,401868336,2026-09-05 22:00:00+00:00,Tennessee Tech,Chattanooga,3720.0,Finley Stadium,FCS,49.5,DraftKings,NO PLAY,-3.390497507163704,46.1095024928363,NO PLAY,,,,,False,95.0,49.0,0.0,3.452337276,8.055453644,,,,,,,ok,not_applicable,No meaningful precipitation signal
2026-09-05T10:39:07.308215+00:00,schedule,17 6 * * 6,33961120017,1,0e180a3a83780b48c1b378920b0a3f94ac7ce103,orientation-eval-2026.2,c2fa1b1aaf967fb49d4f335564e11a2d2918fd41c77a7790c7b3877c5146d1ce,False,560.8781964166667,orientation-crosswind-hgb-v0.1,True,False,2026,1,401867875,2026-09-05 20:00:00+00:00,St. Thomas (MN),North Dakota,3605.0,Alerus Center,FCS,52.5,DraftKings,NO PLAY,3.25825651841652,55.75825651841652,NO PLAY,,,,,False,,,,,,,,,,,,indoor,not_applicable,Indoor/dome game
2026-09-05T10:39:07.308215+00:00,schedule,17 6 * * 6,33961120017,1,0e180a3a83780b48c1b378920b0a3f94ac7ce103,orientation-eval-2026.2,c2fa1b1aaf967fb49d4f335564e11a2d2918fd41c77a7790c7b3877c5146d1ce,False,830.8781964166667,orientation-crosswind-hgb-v0.1,True,False,2026,1,401868119,2026-09-06 00:30:00+00:00,Butler,Montana State,3643.0,Bobcat Stadium,FCS,59.5,DraftKings,NO PLAY,2.980456621473481,62.48045662147348,NO PLAY,,,,,False,77.0,32.0,0.0,4.603116368,11.50779092,,135.33568482139555,1.8823323676204664,,,,ok,not_applicable,No meaningful precipitation signal
2026-09-05T10:39:07.308215+00:00,schedule,17 6 * * 6,33961120017,1,0e180a3a83780b48c1b378920b0a3f94ac7ce103,orientation-eval-2026.2,c2fa1b1aaf967fb49d4f335564e11a2d2918fd41c77a7790c7b3877c5146d1ce,False,320.87819641666664,orientation-crosswind-hgb-v0.1,True,False,2026,1,401867924,2026-09-05 16:00:00+00:00,Stonehill,New Haven,6058.0,Ralph F. DellaCamera Stadium,FCS,41.5,DraftKings,NO PLAY,-2.122547481399682,39.37745251860032,NO PLAY,,,,,False,74.0,69.0,0.0,6.904674552,11.50779092,,,,,,,ok,not_applicable,No meaningful precipitation signal
2026-09-05T10:39:07.308215+00:00,schedule,17 6 * * 6,33961120017,1,0e180a3a83780b48c1b378920b0a3f94ac7ce103,orientation-eval-2026.2,c2fa1b1aaf967fb49d4f335564e11a2d2918fd41c77a7790c7b3877c5146d1ce,False,680.8781964166667,orientation-crosswind-hgb-v0.1,True,False,2026,1,401867989,2026-09-05 22:00:00+00:00,Villanova,Bucknell,3676.0,Christy Mathewson-Memorial Stadium,FCS,56.5,DraftKings,NO PLAY,2.0458545911782133,58.54585459117821,NO PLAY,,,,,False,77.0,56.0,0.0,4.603116368,12.658570012,,,,,,,ok,not_applicable,No meaningful precipitation signal
2026-09-05T10:39:07.308215+00:00,schedule,17 6 * * 6,33961120017,1,0e180a3a83780b48c1b378920b0a3f94ac7ce103,orientation-eval-2026.2,c2fa1b1aaf967fb49d4f335564e11a2d2918fd41c77a7790c7b3877c5146d1ce,False,680.8781964166667,orientation-crosswind-hgb-v0.1,True,False,2026,1,401866626,2026-09-05 22:00:00+00:00,Elon,Davidson,3897.0,Richardson Stadium,FCS,58.5,DraftKings,NO PLAY,1.7235426072975613,60.22354260729756,NO PLAY,,,,,False,92.0,51.0,0.03,4.603116368,9.206232736,,,,,,,ok,not_applicable,Measurable precipitation forecast
2026-09-05T10:39:07.308215+00:00,schedule,17 6 * * 6,33961120017,1,0e180a3a83780b48c1b378920b0a3f94ac7ce103,orientation-eval-2026.2,c2fa1b1aaf967fb49d4f335564e11a2d2918fd41c77a7790c7b3877c5146d1ce,False,410.87819641666664,orientation-crosswind-hgb-v0.1,True,False,2026,1,401868186,2026-09-05 17:30:00+00:00,Gardner-Webb,Wofford,3737.0,Gibbs Stadium,FCS,47.5,DraftKings,NO PLAY,1.664136846613877,49.16413684661388,NO PLAY,,,,,False,95.0,47.0,0.0,1.150779092,4.603116368,,,,,,,ok,not_applicable,No meaningful precipitation signal
2026-09-05T10:39:07.308215+00:00,schedule,17 6 * * 6,33961120017,1,0e180a3a83780b48c1b378920b0a3f94ac7ce103,orientation-eval-2026.2,c2fa1b1aaf967fb49d4f335564e11a2d2918fd41c77a7790c7b3877c5146d1ce,False,740.8781964166667,orientation-crosswind-hgb-v0.1,True,False,2026,1,401862697,2026-09-05 23:00:00+00:00,Houston Christian,Rice,3895.0,Rice Stadium,OTHER,47.5,DraftKings,NO PLAY,1.5478328744599257,49.04783287445993,NO PLAY,,,,,False,87.0,65.0,0.08,4.603116368,5.75389546,,179.4394182828769,1.8720276624385963,,,,ok,not_applicable,Measurable precipitation forecast
2026-09-05T10:39:07.308215+00:00,schedule,17 6 * * 6,33961120017,1,0e180a3a83780b48c1b378920b0a3f94ac7ce103,orientation-eval-2026.2,c2fa1b1aaf967fb49d4f335564e11a2d2918fd41c77a7790c7b3877c5146d1ce,False,920.8781964166667,orientation-crosswind-hgb-v0.1,True,False,2026,1,401856774,2026-09-06 02:00:00+00:00,Morgan State,Arizona State,3947.0,Mountain America Stadium,OTHER,52.5,DraftKings,NO PLAY,1.424897551033898,53.9248975510339,NO PLAY,,,,,False,98.0,26.0,0.0,4.603116368,8.055453644,,14.150279556134343,1.8715068734243092,,,,ok,not_applicable,No meaningful precipitation signal
2026-09-05T10:39:07.308215+00:00,schedule,17 6 * * 6,33961120017,1,0e180a3a83780b48c1b378920b0a3f94ac7ce103,orientation-eval-2026.2,c2fa1b1aaf967fb49d4f335564e11a2d2918fd41c77a7790c7b3877c5146d1ce,False,800.8781964166667,orientation-crosswind-hgb-v0.1,True,False,2026,1,401856775,2026-09-06 00:00:00+00:00,Utah Tech,BYU,3801.0,LaVell Edwards Stadium,OTHER,61.5,DraftKings,NO PLAY,1.3525441165479335,62.85254411654793,NO PLAY,,,,,False,85.0,20.0,0.0,5.75389546,13.809349104,,179.29850852085707,1.8747947404156928,,,,ok,not_applicable,No meaningful precipitation signal
2026-09-05T10:39:07.308215+00:00,schedule,17 6 * * 6,33961120017,1,0e180a3a83780b48c1b378920b0a3f94ac7ce103,orientation-eval-2026.2,c2fa1b1aaf967fb49d4f335564e11a2d2918fd41c77a7790c7b3877c5146d1ce,False,530.8781964166667,orientation-crosswind-hgb-v0.1,True,False,2026,1,401856636,2026-09-05 19:30:00+00:00,Baylor,Auburn,5348.0,Mercedes-Benz Stadium,FBS,59.5,DraftKings,NO PLAY,1.2535062643919952,60.753506264392,NO PLAY,1.5234947319956635,61.02349473199566,1.5234947319956635,0.26998846760366835,False,,,,,,,,,,,,indoor,not_applicable,Indoor/dome game
2026-09-05T10:39:07.308215+00:00,schedule,17 6 * * 6,33961120017,1,0e180a3a83780b48c1b378920b0a3f94ac7ce103,orientation-eval-2026.2,c2fa1b1aaf967fb49d4f335564e11a2d2918fd41c77a7790c7b3877c5146d1ce,False,530.8781964166667,orientation-crosswind-hgb-v0.1,True,False,2026,1,401862694,2026-09-05 19:30:00+00:00,The Citadel,Charlotte,4418.0,Jerry Richardson Stadium,OTHER,46.5,DraftKings,NO PLAY,1.1787829281997164,47.67878292819972,NO PLAY,,,,,False,98.0,42.0,0.09,3.452337276,9.206232736,,130.7337132485115,1.880385779434281,,,,ok,not_applicable,Measurable precipitation forecast
2026-09-05T10:39:07.308215+00:00,schedule,17 6 * * 6,33961120017,1,0e180a3a83780b48c1b378920b0a3f94ac7ce103,orientation-eval-2026.2,c2fa1b1aaf967fb49d4f335564e11a2d2918fd41c77a7790c7b3877c5146d1ce,False,350.87819641666664,orientation-crosswind-hgb-v0.1,True,True,2026,1,401858207,2026-09-05 16:30:00+00:00,Miami (OH),Pittsburgh,3752.0,Acrisure Stadium,FBS,47.5,DraftKings,NO PLAY,1.1684039757762334,48.66840397577624,NO PLAY,0.9394157749758782,48.43941577497588,0.9394157749758782,-0.2289882008003552,False,76.0,88.0,0.0,3.452337276,8.055453644,0.0,155.3104282088858,1.8725163665044011,24.68957179111419,1.4420471920170963,3.136739160857133,ok,ok,Low precipitation chance
2026-09-05T10:39:07.308215+00:00,schedule,17 6 * * 6,33961120017,1,0e180a3a83780b48c1b378920b0a3f94ac7ce103,orientation-eval-2026.2,c2fa1b1aaf967fb49d4f335564e11a2d2918fd41c77a7790c7b3877c5146d1ce,False,530.8781964166667,orientation-crosswind-hgb-v0.1,True,False,2026,1,401866627,2026-09-05 19:30:00+00:00,Maine,App State,3792.0,Kidd Brewer Stadium,OTHER,53.5,DraftKings,NO PLAY,1.1665634305307162,54.66656343053072,NO PLAY,,,,,False,81.0,52.0,0.01,8.055453644,13.809349104,,169.3772439564877,1.8936849561471096,,,,ok,not_applicable,No meaningful precipitation signal
2026-09-05T10:39:07.308215+00:00,schedule,17 6 * * 6,33961120017,1,0e180a3a83780b48c1b378920b0a3f94ac7ce103,orientation-eval-2026.2,c2fa1b1aaf967fb49d4f335564e11a2d2918fd41c77a7790c7b3877c5146d1ce,False,740.8781964166667,orientation-crosswind-hgb-v0.1,True,False,2026,1,401868316,2026-09-05 23:00:00+00:00,SE Louisiana,South Alabama,6526.0,Hancock Whitney Stadium,OTHER,52.5,DraftKings,NO PLAY,0.9850618224722736,53.48506182247228,NO PLAY,,,,,False,84.0,80.0,0.01,4.603116368,6.904674552,,179.67443549010108,1.871118285548042,,,,ok,not_applicable,Low precipitation chance
2026-09-05T10:39:07.308215+00:00,schedule,17 6 * * 6,33961120017,1,0e180a3a83780b48c1b378920b0a3f94ac7ce103,orientation-eval-2026.2,c2fa1b1aaf967fb49d4f335564e11a2d2918fd41c77a7790c7b3877c5146d1ce,False,740.8781964166667,orientation-crosswind-hgb-v0.1,True,True,2026,1,401862699,2026-09-05 23:00:00+00:00,Florida International,South Florida,3886.0,Raymond James Stadium,FBS,51.5,DraftKings,NO PLAY,0.9744799844530152,52.47447998445301,NO PLAY,0.7970201084986058,52.29702010849861,0.7970201084986058,-0.17745987595440937,False,85.0,72.0,0.01,4.603116368,8.055453644,290.0,179.8670498323715,1.8798785257346229,69.86704983237149,4.321849671780893,1.584391274867701,ok,ok,No meaningful precipitation signal
2026-09-05T10:39:07.308215+00:00,schedule,17 6 * * 6,33961120017,1,0e180a3a83780b48c1b378920b0a3f94ac7ce103,orientation-eval-2026.2,c2fa1b1aaf967fb49d4f335564e11a2d2918fd41c77a7790c7b3877c5146d1ce,False,860.8781964166667,orientation-crosswind-hgb-v0.1,True,False,2026,1,401870790,2026-09-06 01:00:00+00:00,Mercyhurst,New Mexico State,3601.0,Aggie Memorial Stadium,OTHER,52.5,DraftKings,NO PLAY,0.9501506619811576,53.45015066198116,NO PLAY,,,,,False,89.0,34.0,0.0,1.150779092,5.75389546,,167.70660090957762,1.87293576159372,,,,ok,not_applicable,No meaningful precipitation signal
2026-09-05T10:39:07.308215+00:00,schedule,17 6 * * 6,33961120017,1,0e180a3a83780b48c1b378920b0a3f94ac7ce103,orientation-eval-2026.2,c2fa1b1aaf967fb49d4f335564e11a2d2918fd41c77a7790c7b3877c5146d1ce,False,575.8781964166667,orientation-crosswind-hgb-v0.1,True,False,2026,1,401856635,2026-09-05 20:15:00+00:00,North Alabama,Arkansas,3887.0,Razorback Stadium,OTHER,63.5,DraftKings,NO PLAY,-0.9331324042328388,62.56686759576717,NO PLAY,,,,,False,100.0,33.0,0.0,4.603116368,6.904674552,,1.0697159752724532,1.8738743549641412,,,,ok,not_applicable,No meaningful precipitation signal
2026-09-05T10:39:07.308215+00:00,schedule,17 6 * * 6,33961120017,1,0e180a3a83780b48c1b378920b0a3f94ac7ce103,orientation-eval-2026.2,c2fa1b1aaf967fb49d4f335564e11a2d2918fd41c77a7790c7b3877c5146d1ce,False,530.8781964166667,orientation-crosswind-hgb-v0.1,True,False,2026,1,401862700,2026-09-05 19:30:00+00:00,UT Rio Grande Valley,UTSA,3604.0,Alamodome,OTHER,59.5,DraftKings,NO PLAY,0.9253024372246724,60.42530243722467,NO PLAY,,,,,False,,,,,,,,,,,,indoor,not_applicable,Indoor/dome game
2026-09-05T10:39:07.308215+00:00,schedule,17 6 * * 6,33961120017,1,0e180a3a83780b48c1b378920b0a3f94ac7ce103,orientation-eval-2026.2,c2fa1b1aaf967fb49d4f335564e11a2d2918fd41c77a7790c7b3877c5146d1ce,False,740.8781964166667,orientation-crosswind-hgb-v0.1,True,True,2026,1,401870763,2026-09-05 23:00:00+00:00,Sam Houston,Troy,3975.0,Veterans Memorial Stadium (AL),FBS,53.5,DraftKings,NO PLAY,0.901112903910652,54.40111290391065,NO PLAY,0.744113874916239,54.24411387491624,0.744113874916239,-0.15699902899441298,False,86.0,65.0,0.02,2.301558184,6.904674552,170.0,178.86468964832034,1.8635396059936429,8.864689648320336,0.3546735573939341,2.2740661252529377,ok,ok,Measurable precipitation forecast
2026-09-05T10:39:07.308215+00:00,schedule,17 6 * * 6,33961120017,1,0e180a3a83780b48c1b378920b0a3f94ac7ce103,orientation-eval-2026.2,c2fa1b1aaf967fb49d4f335564e11a2d2918fd41c77a7790c7b3877c5146d1ce,False,800.8781964166667,orientation-crosswind-hgb-v0.1,True,False,2026,1,401858427,2026-09-06 00:00:00+00:00,Hampton,Maryland,3665.0,SECU Stadium,OTHER,55.5,DraftKings,NO PLAY,0.88113437896196,56.38113437896196,NO PLAY,,,,,False,76.0,74.0,0.0,3.452337276,6.904674552,,126.25739709506098,1.882832282509331,,,,ok,not_applicable,No meaningful precipitation signal
2026-09-05T10:39:07.308215+00:00,schedule,17 6 * * 6,33961120017,1,0e180a3a83780b48c1b378920b0a3f94ac7ce103,orientation-eval-2026.2,c2fa1b1aaf967fb49d4f335564e11a2d2918fd41c77a7790c7b3877c5146d1ce,False,620.8781964166667,orientation-crosswind-hgb-v0.1,True,False,2026,1,401868356,2026-09-05 21:00:00+00:00,Alcorn State,Southern Miss,3815.0,M. M. Roberts Stadium,OTHER,50.5,DraftKings,NO PLAY,0.8806472934683057,51.38064729346831,NO PLAY,,,,,False,91.0,60.0,0.06,4.603116368,10.357011828,,179.84125791146874,1.87297225497886,,,,ok,not_applicable,Measurable precipitation forecast
2026-09-05T10:39:07.308215+00:00,schedule,17 6 * * 6,33961120017,1,0e180a3a83780b48c1b378920b0a3f94ac7ce103,orientation-eval-2026.2,c2fa1b1aaf967fb49d4f335564e11a2d2918fd41c77a7790c7b3877c5146d1ce,False,320.87819641666664,orientation-crosswind-hgb-v0.1,True,False,2026,1,401858208,2026-09-05 16:00:00+00:00,New Hampshire,Syracuse,1964.0,JMA Wireless Dome,OTHER,55.5,DraftKings,NO PLAY,0.8525815030561179,56.35258150305612,NO PLAY,,,,,False,,,,,,,,,,,,indoor,not_applicable,Indoor/dome game
2026-09-05T10:39:07.308215+00:00,schedule,17 6 * * 6,33961120017,1,0e180a3a83780b48c1b378920b0a3f94ac7ce103,orientation-eval-2026.2,c2fa1b1aaf967fb49d4f335564e11a2d2918fd41c77a7790c7b3877c5146d1ce,False,500.87819641666664,orientation-crosswind-hgb-v0.1,True,False,2026,1,401856658,2026-09-05 19:00:00+00:00,Tennessee State,Georgia,3917.0,Sanford Stadium,OTHER,54.5,DraftKings,NO PLAY,0.8431839314168512,55.34318393141685,NO PLAY,,,,,False,98.0,41.0,0.0,2.301558184,6.904674552,,116.00228184876158,1.87643216054317,,,,ok,not_applicable,No meaningful precipitation signal
2026-09-05T10:39:07.308215+00:00,schedule,17 6 * * 6,33961120017,1,0e180a3a83780b48c1b378920b0a3f94ac7ce103,orientation-eval-2026.2,c2fa1b1aaf967fb49d4f335564e11a2d2918fd41c77a7790c7b3877c5146d1ce,False,350.87819641666664,orientation-crosswind-hgb-v0.1,True,True,2026,1,401858432,2026-09-05 16:30:00+00:00,Ball State,Ohio State,3861.0,Ohio Stadium,FBS,56.5,DraftKings,NO PLAY,0.7957857672743083,57.29578576727431,NO PLAY,0.6816560969564125,57.18165609695641,0.6816560969564125,-0.11412967031789578,False,81.0,82.0,0.01,4.603116368,9.206232736,320.0,6.93881633242061,1.8734539078532575,46.9388163324206,3.3631519351458707,3.1429109689067074,ok,ok,Low precipitation chance
2026-09-05T10:39:07.308215+00:00,schedule,17 6 * * 6,33961120017,1,0e180a3a83780b48c1b378920b0a3f94ac7ce103,orientation-eval-2026.2,c2fa1b1aaf967fb49d4f335564e11a2d2918fd41c77a7790c7b3877c5146d1ce,False,530.8781964166667,orientation-crosswind-hgb-v0.1,True,False,2026,1,401862696,2026-09-05 19:30:00+00:00,Towson,Navy,3852.0,Navy-Marine Corps Memorial Stadium,OTHER,50.5,DraftKings,NO PLAY,0.7957857672743083,51.29578576727431,NO PLAY,,,,,False,80.0,65.0,0.0,5.75389546,8.055453644,,141.12441908981867,1.8797886940252515,,,,ok,not_applicable,No meaningful precipitation signal
2026-09-05T10:39:07.308215+00:00,schedule,17 6 * * 6,33961120017,1,0e180a3a83780b48c1b378920b0a3f94ac7ce103,orientation-eval-2026.2,c2fa1b1aaf967fb49d4f335564e11a2d2918fd41c77a7790c7b3877c5146d1ce,False,575.8781964166667,orientation-crosswind-hgb-v0.1,True,True,2026,1,401858426,2026-09-05 20:15:00+00:00,Northern Illinois,Iowa,3793.0,Kinnick Stadium,FBS,44.5,DraftKings,NO PLAY,0.7957857672743083,45.29578576727431,NO PLAY,0.6816560969564125,45.18165609695641,0.6816560969564125,-0.11412967031789578,False,91.0,60.0,0.0,8.055453644,11.50779092,30.0,0.5400615253611892,1.875230700920845,29.45993847463881,3.9617919855973183,7.0138817835411045,ok,ok,No meaningful precipitation signal
2026-09-05T10:39:07.308215+00:00,schedule,17 6 * * 6,33961120017,1,0e180a3a83780b48c1b378920b0a3f94ac7ce103,orientation-eval-2026.2,c2fa1b1aaf967fb49d4f335564e11a2d2918fd41c77a7790c7b3877c5146d1ce,False,770.8781964166667,orientation-crosswind-hgb-v0.1,True,True,2026,1,401856662,2026-09-05 23:30:00+00:00,UL Monroe,Mississippi State,3693.0,Davis Wade Stadium,FBS,54.5,DraftKings,NO PLAY,0.7654433161616556,55.26544331616166,NO PLAY,0.6816560969564125,55.18165609695641,0.6816560969564125,-0.08378721920524312,False,96.0,46.0,0.0,3.452337276,8.055453644,170.0,13.41475285157474,1.8730917244299168,23.414752851574747,1.3719042391948302,3.1680453635859376,ok,ok,No meaningful precipitation signal
2026-09-05T10:39:07.308215+00:00,schedule,17 6 * * 6,33961120017,1,0e180a3a83780b48c1b378920b0a3f94ac7ce103,orientation-eval-2026.2,c2fa1b1aaf967fb49d4f335564e11a2d2918fd41c77a7790c7b3877c5146d1ce,False,320.87819641666664,orientation-crosswind-hgb-v0.1,True,True,2026,1,401858430,2026-09-05 16:00:00+00:00,Ohio,Nebraska,3834.0,"Memorial Stadium (Lincoln, NE)",FBS,46.5,DraftKings,NO PLAY,0.7627643368599065,47.26276433685991,NO PLAY,0.6816560969564125,47.18165609695641,0.6816560969564125,-0.08110823990349403,False,90.0,52.0,0.0,4.603116368,9.206232736,160.0,0.3058199391365794,1.8726953197557803,20.30581993913657,1.5974236980264558,4.317049666882812,ok,ok,No meaningful precipitation signal
2026-09-05T10:39:07.308215+00:00,schedule,17 6 * * 6,33961120017,1,0e180a3a83780b48c1b378920b0a3f94ac7ce103,orientation-eval-2026.2,c2fa1b1aaf967fb49d4f335564e11a2d2918fd41c77a7790c7b3877c5146d1ce,False,740.8781964166667,orientation-crosswind-hgb-v0.1,True,False,2026,1,401868170,2026-09-05 23:00:00+00:00,Charleston Southern,Georgia Southern,3608.0,Allen E. Paulson Stadium,OTHER,51.5,DraftKings,NO PLAY,0.7627643368599065,52.26276433685991,NO PLAY,,,,,False,91.0,58.0,0.0,3.452337276,8.055453644,,91.93284789757364,1.878900064316108,,,,ok,not_applicable,No meaningful precipitation signal
2026-09-05T10:39:07.308215+00:00,schedule,17 6 * * 6,33961120017,1,0e180a3a83780b48c1b378920b0a3f94ac7ce103,orientation-eval-2026.2,c2fa1b1aaf967fb49d4f335564e11a2d2918fd41c77a7790c7b3877c5146d1ce,False,680.8781964166667,orientation-crosswind-hgb-v0.1,True,True,2026,1,401860878,2026-09-05 22:00:00+00:00,Wyoming,Colorado State,5388.0,Canvas Stadium,FBS,46.5,DraftKings,NO PLAY,0.7273304765336892,47.22733047653369,NO PLAY,0.744113874916239,47.24411387491624,0.744113874916239,0.01678339838254983,False,92.0,22.0,0.0,6.904674552,11.50779092,100.0,0.2539636975341831,1.8750650301655745,80.25396369753419,6.805024716160252,1.168832443716584,ok,ok,No meaningful precipitation signal
2026-09-05T10:39:07.308215+00:00,schedule,17 6 * * 6,33961120017,1,0e180a3a83780b48c1b378920b0a3f94ac7ce103,orientation-eval-2026.2,c2fa1b1aaf967fb49d4f335564e11a2d2918fd41c77a7790c7b3877c5146d1ce,False,320.87819641666664,orientation-crosswind-hgb-v0.1,True,False,2026,1,401862701,2026-09-05 16:00:00+00:00,Bryant,Army,3841.0,Michie Stadium,OTHER,50.5,DraftKings,NO PLAY,0.7142930739350536,51.21429307393505,NO PLAY,,,,,False,74.0,69.0,0.0,5.75389546,12.658570012,,1.6738855107563233,1.8602172598753768,,,,ok,not_applicable,No meaningful precipitation signal
2026-09-05T10:39:07.308215+00:00,schedule,17 6 * * 6,33961120017,1,0e180a3a83780b48c1b378920b0a3f94ac7ce103,orientation-eval-2026.2,c2fa1b1aaf967fb49d4f335564e11a2d2918fd41c77a7790c7b3877c5146d1ce,False,380.87819641666664,orientation-crosswind-hgb-v0.1,True,False,2026,1,401856779,2026-09-05 17:00:00+00:00,Southeast Missouri State,Iowa State,3772.0,Jack Trice Stadium,OTHER,53.5,DraftKings,NO PLAY,0.7142930739350536,54.21429307393505,NO PLAY,,,,,False,89.0,66.0,0.0,5.75389546,8.055453644,,179.58495279948036,1.8729320584382128,,,,ok,not_applicable,No meaningful precipitation signal
2026-09-05T10:39:07.308215+00:00,schedule,17 6 * * 6,33961120017,1,0e180a3a83780b48c1b378920b0a3f94ac7ce103,orientation-eval-2026.2,c2fa1b1aaf967fb49d4f335564e11a2d2918fd41c77a7790c7b3877c5146d1ce,False,785.8781964166667,orientation-crosswind-hgb-v0.1,True,True,2026,1,401856637,2026-09-05 23:45:00+00:00,Florida Atlantic,Florida,3634.0,Ben Hill Griffin Stadium,FBS,59.5,DraftKings,NO PLAY,0.6959821227400433,60.19598212274004,NO PLAY,0.13854085521458243,59.63854085521458,0.13854085521458243,-0.557441267525461,False,85.0,77.0,0.03,3.452337276,9.206232736,230.0,0.1453959827347325,1.870455954576616,49.85460401726527,2.6390039532045133,2.2258236233426163,ok,ok,Measurable precipitation forecast
2026-09-05T10:39:07.308215+00:00,schedule,17 6 * * 6,33961120017,1,0e180a3a83780b48c1b378920b0a3f94ac7ce103,orientation-eval-2026.2,c2fa1b1aaf967fb49d4f335564e11a2d2918fd41c77a7790c7b3877c5146d1ce,False,2000.8781964166667,orientation-crosswind-hgb-v0.1,True,True,2026,1,401858437,2026-09-06 20:00:00+00:00,Washington State,Washington,3765.0,Husky Stadium,FBS,51.5,DraftKings,NO PLAY,0.6814575774276652,52.18145757742767,NO PLAY,0.6816560969564125,52.18165609695641,0.6816560969564125,0.0001985195287472763,False,69.0,67.0,0.0,5.75389546,5.75389546,340.0,107.60780889275486,1.8826430752236207,52.39219110724514,4.558273261576481,3.5113327722398404,ok,ok,No meaningful precipitation signal
2026-09-05T10:39:07.308215+00:00,schedule,17 6 * * 6,33961120017,1,0e180a3a83780b48c1b378920b0a3f94ac7ce103,orientation-eval-2026.2,c2fa1b1aaf967fb49d4f335564e11a2d2918fd41c77a7790c7b3877c5146d1ce,False,530.8781964166667,orientation-crosswind-hgb-v0.1,True,False,2026,1,401864499,2026-09-05 19:30:00+00:00,Fordham,North Dakota State,3714.0,Fargodome,OTHER,56.5,DraftKings,NO PLAY,0.6767771454757576,57.17677714547576,NO PLAY,,,,,False,,,,,,,,,,,,indoor,not_applicable,Indoor/dome game
2026-09-05T10:39:07.308215+00:00,schedule,17 6 * * 6,33961120017,1,0e180a3a83780b48c1b378920b0a3f94ac7ce103,orientation-eval-2026.2,c2fa1b1aaf967fb49d4f335564e11a2d2918fd41c77a7790c7b3877c5146d1ce,False,680.8781964166667,orientation-crosswind-hgb-v0.1,True,False,2026,1,401867973,2026-09-05 22:00:00+00:00,Norfolk State,Old Dominion,3918.0,S.B. Ballard Stadium,OTHER,52.5,DraftKings,NO PLAY,0.6767771454757576,53.17677714547576,NO PLAY,,,,,False,81.0,74.0,0.2,8.055453644,11.50779092,,163.67330747164988,1.873750476230905,,,,ok,not_applicable,Measurable precipitation forecast
2026-09-05T10:39:07.308215+00:00,schedule,17 6 * * 6,33961120017,1,0e180a3a83780b48c1b378920b0a3f94ac7ce103,orientation-eval-2026.2,c2fa1b1aaf967fb49d4f335564e11a2d2918fd41c77a7790c7b3877c5146d1ce,False,770.8781964166667,orientation-crosswind-hgb-v0.1,True,True,2026,1,401858428,2026-09-05 23:30:00+00:00,Western Michigan,Michigan,3558.0,Michigan Stadium,FBS,49.5,DraftKings,NO PLAY,0.6767771454757576,50.17677714547576,NO PLAY,0.6816560969564125,50.18165609695641,0.6816560969564125,0.0048789514806548695,False,72.0,77.0,0.0,6.904674552,13.809349104,40.0,179.19022834932764,1.877367681688747,40.80977165067236,4.512547968827373,5.226034969082043,ok,ok,No meaningful precipitation signal
2026-09-05T10:39:07.308215+00:00,schedule,17 6 * * 6,33961120017,1,0e180a3a83780b48c1b378920b0a3f94ac7ce103,orientation-eval-2026.2,c2fa1b1aaf967fb49d4f335564e11a2d2918fd41c77a7790c7b3877c5146d1ce,False,920.8781964166667,orientation-crosswind-hgb-v0.1,True,False,2026,1,401866411,2026-09-06 02:00:00+00:00,Mississippi Valley State,Sacramento State,3757.0,Hornet Stadium,OTHER,56.5,DraftKings,NO PLAY,0.6767771454757576,57.17677714547576,NO PLAY,,,,,False,78.0,37.0,0.0,6.904674552,12.658570012,,,,,,,ok,not_applicable,No meaningful precipitation signal
2026-09-05T10:39:07.308215+00:00,schedule,17 6 * * 6,33961120017,1,0e180a3a83780b48c1b378920b0a3f94ac7ce103,orientation-eval-2026.2,c2fa1b1aaf967fb49d4f335564e11a2d2918fd41c77a7790c7b3877c5146d1ce,False,2210.878196416667,orientation-crosswind-hgb-v0.1,True,False,2026,1,401858438,2026-09-06 23:30:00+00:00,Wisconsin,Notre Dame,3798.0,Lambeau Field,FBS,46.5,DraftKings,NO PLAY,-0.6748234644956753,45.825176535504326,NO PLAY,0.2015597843877294,46.701559784387726,0.2015597843877294,0.8763832488834047,False,77.0,68.0,0.0,3.452337276,5.75389546,110.0,,,,,,ok,ok,No meaningful precipitation signal
2026-09-05T10:39:07.308215+00:00,schedule,17 6 * * 6,33961120017,1,0e180a3a83780b48c1b378920b0a3f94ac7ce103,orientation-eval-2026.2,c2fa1b1aaf967fb49d4f335564e11a2d2918fd41c77a7790c7b3877c5146d1ce,False,530.8781964166667,orientation-crosswind-hgb-v0.1,True,True,2026,1,401858434,2026-09-05 19:30:00+00:00,Marshall,Penn State,3632.0,Beaver Stadium,FBS,52.5,DraftKings,NO PLAY,0.6666507926144751,53.16665079261448,NO PLAY,0.8122392661470933,53.312239266147095,0.8122392661470933,0.14558847353261817,False,78.0,58.0,0.0,4.603116368,10.357011828,10.0,134.97489874241603,1.883079110342328,55.02510125758397,3.771808508720109,2.6385869079672357,ok,ok,No meaningful precipitation signal
2026-09-05T10:39:07.308215+00:00,schedule,17 6 * * 6,33961120017,1,0e180a3a83780b48c1b378920b0a3f94ac7ce103,orientation-eval-2026.2,c2fa1b1aaf967fb49d4f335564e11a2d2918fd41c77a7790c7b3877c5146d1ce,False,740.8781964166667,orientation-crosswind-hgb-v0.1,True,False,2026,1,401868140,2026-09-05 23:00:00+00:00,Eastern Kentucky,Jacksonville State,3662.0,AmFirst Stadium,OTHER,53.5,DraftKings,NO PLAY,0.662274771692888,54.162274771692886,NO PLAY,,,,,False,94.0,48.0,0.0,2.301558184,6.904674552,,95.1661003897524,1.881901494980002,,,,ok,not_applicable,No meaningful precipitation signal
2026-09-05T10:39:07.308215+00:00,schedule,17 6 * * 6,33961120017,1,0e180a3a83780b48c1b378920b0a3f94ac7ce103,orientation-eval-2026.2,c2fa1b1aaf967fb49d4f335564e11a2d2918fd41c77a7790c7b3877c5146d1ce,False,545.8781964166667,orientation-crosswind-hgb-v0.1,True,True,2026,1,401856772,2026-09-05 19:45:00+00:00,Oklahoma State,Tulsa,3674.0,Chapman Stadium,FBS,59.5,DraftKings,NO PLAY,0.6592344254381203,60.15923442543812,NO PLAY,0.2589569045964841,59.75895690459648,0.2589569045964841,-0.40027752084163615,False,99.0,41.0,0.0,4.603116368,8.055453644,150.0,0.1732174575290248,1.867392374565086,30.173217457529034,2.3135994393241206,3.9794393991752948,ok,ok,No meaningful precipitation signal
2026-09-05T10:39:07.308215+00:00,schedule,17 6 * * 6,33961120017,1,0e180a3a83780b48c1b378920b0a3f94ac7ce103,orientation-eval-2026.2,c2fa1b1aaf967fb49d4f335564e11a2d2918fd41c77a7790c7b3877c5146d1ce,False,920.8781964166667,orientation-crosswind-hgb-v0.1,True,True,2026,1,401864498,2026-09-06 02:00:00+00:00,Central Michigan,New Mexico,3971.0,University Stadium (NM),FBS,46.5,DraftKings,NO PLAY,0.6550516658814759,47.15505166588147,NO PLAY,0.6816560969564125,47.18165609695641,0.6816560969564125,0.026604431074936596,False,83.0,33.0,0.0,2.301558184,3.452337276,220.0,0.2941823539937301,1.8782909575680844,39.70581764600627,1.4703410941685902,1.7706685576743297,ok,ok,No meaningful precipitation signal
2026-09-05T10:39:07.308215+00:00,schedule,17 6 * * 6,33961120017,1,0e180a3a83780b48c1b378920b0a3f94ac7ce103,orientation-eval-2026.2,c2fa1b1aaf967fb49d4f335564e11a2d2918fd41c77a7790c7b3877c5146d1ce,False,740.8781964166667,orientation-crosswind-hgb-v0.1,True,False,2026,1,401856771,2026-09-05 23:00:00+00:00,Nicholls,Kansas State,3636.0,Bill Snyder Family Stadium,OTHER,54.5,DraftKings,NO PLAY,0.6423527554902378,55.14235275549024,NO PLAY,,,,,False,98.0,38.0,0.0,5.75389546,10.357011828,,179.96211134775302,1.8747077591906496,,,,ok,not_applicable,No meaningful precipitation signal
2026-09-05T10:39:07.308215+00:00,schedule,17 6 * * 6,33961120017,1,0e180a3a83780b48c1b378920b0a3f94ac7ce103,orientation-eval-2026.2,c2fa1b1aaf967fb49d4f335564e11a2d2918fd41c77a7790c7b3877c5146d1ce,False,740.8781964166667,orientation-crosswind-hgb-v0.1,True,False,2026,1,401856770,2026-09-05 23:00:00+00:00,Abilene Christian,Texas Tech,3784.0,Jones AT&T Stadium,OTHER,59.5,DraftKings,NO PLAY,0.6335285829156914,60.133528582915694,NO PLAY,,,,,False,96.0,27.0,0.0,9.206232736,12.658570012,,0.0179604069427081,1.8703416113262092,,,,ok,not_applicable,No meaningful precipitation signal
2026-09-05T10:39:07.308215+00:00,schedule,17 6 * * 6,33961120017,1,0e180a3a83780b48c1b378920b0a3f94ac7ce103,orientation-eval-2026.2,c2fa1b1aaf967fb49d4f335564e11a2d2918fd41c77a7790c7b3877c5146d1ce,False,320.87819641666664,orientation-crosswind-hgb-v0.1,True,True,2026,1,401856778,2026-09-05 16:00:00+00:00,Oregon State,Houston,4728.0,TDECU Stadium,FBS,50.5,DraftKings,NO PLAY,0.6116471276302916,51.11164712763029,NO PLAY,0.7780810130403558,51.27808101304036,0.7780810130403558,0.1664338854100642,False,88.0,66.0,0.0,3.452337276,4.603116368,350.0,109.37976140277442,1.878441289678121,60.62023859722558,3.0083223700683193,1.6937028030341195,ok,ok,No meaningful precipitation signal
2026-09-05T10:39:07.308215+00:00,schedule,17 6 * * 6,33961120017,1,0e180a3a83780b48c1b378920b0a3f94ac7ce103,orientation-eval-2026.2,c2fa1b1aaf967fb49d4f335564e11a2d2918fd41c77a7790c7b3877c5146d1ce,False,320.87819641666664,orientation-crosswind-hgb-v0.1,True,False,2026,1,401861962,2026-09-05 16:00:00+00:00,Lafayette,UConn,3892.0,Pratt & Whitney Stadium,OTHER,51.5,DraftKings,NO PLAY,0.6048368270309419,52.104836827030944,NO PLAY,,,,,False,75.0,62.0,0.0,6.904674552,13.809349104,,119.7789378275126,1.882949066254041,,,,ok,not_applicable,No meaningful precipitation signal
2026-09-05T10:39:07.308215+00:00,schedule,17 6 * * 6,33961120017,1,0e180a3a83780b48c1b378920b0a3f94ac7ce103,orientation-eval-2026.2,c2fa1b1aaf967fb49d4f335564e11a2d2918fd41c77a7790c7b3877c5146d1ce,False,440.87819641666664,orientation-crosswind-hgb-v0.1,True,False,2026,1,401862698,2026-09-05 18:00:00+00:00,Rhode Island,Temple,3806.0,Lincoln Financial Field,OTHER,51.5,DraftKings,NO PLAY,0.6048368270309419,52.104836827030944,NO PLAY,,,,,False,80.0,52.0,0.0,5.75389546,11.50779092,,171.4589722372333,1.86669638319505,,,,ok,not_applicable,No meaningful precipitation signal
2026-09-05T10:39:07.308215+00:00,schedule,17 6 * * 6,33961120017,1,0e180a3a83780b48c1b378920b0a3f94ac7ce103,orientation-eval-2026.2,c2fa1b1aaf967fb49d4f335564e11a2d2918fd41c77a7790c7b3877c5146d1ce,False,740.8781964166667,orientation-crosswind-hgb-v0.1,True,False,2026,1,401867866,2026-09-05 23:00:00+00:00,Murray State,Middle Tennessee,3725.0,"Johnny ""Red"" Floyd Stadium",OTHER,57.5,DraftKings,NO PLAY,0.6048368270309419,58.104836827030944,NO PLAY,,,,,False,96.0,45.0,0.0,4.603116368,8.055453644,,3.638848234499462,1.8720848733706688,,,,ok,not_applicable,No meaningful precipitation signal
2026-09-05T10:39:07.308215+00:00,schedule,17 6 * * 6,33961120017,1,0e180a3a83780b48c1b378920b0a3f94ac7ce103,orientation-eval-2026.2,c2fa1b1aaf967fb49d4f335564e11a2d2918fd41c77a7790c7b3877c5146d1ce,False,320.87819641666664,orientation-crosswind-hgb-v0.1,True,True,2026,1,401856634,2026-09-05 16:00:00+00:00,East Carolina,Alabama,3657.0,Bryant-Denny Stadium,FBS,52.5,DraftKings,NO PLAY,0.5827051730991042,53.08270517309911,NO PLAY,0.9371187841452044,53.437118784145206,0.9371187841452044,0.35441361104610025,False,92.0,54.0,0.0,1.150779092,5.75389546,350.0,3.2889199922889394,1.8722523245617515,13.288919992288953,0.26451985084810103,1.11996507404992,ok,ok,No meaningful precipitation signal
2026-09-05T10:39:07.308215+00:00,schedule,17 6 * * 6,33961120017,1,0e180a3a83780b48c1b378920b0a3f94ac7ce103,orientation-eval-2026.2,c2fa1b1aaf967fb49d4f335564e11a2d2918fd41c77a7790c7b3877c5146d1ce,False,320.87819641666664,orientation-crosswind-hgb-v0.1,True,True,2026,1,401869960,2026-09-05 16:00:00+00:00,Liberty,James Madison,3651.0,Bridgeforth Stadium,FBS,50.5,DraftKings,NO PLAY,0.5778227866988707,51.07782278669887,NO PLAY,0.6816560969564125,51.18165609695641,0.6816560969564125,0.10383331025754183,False,82.0,65.0,0.03,5.75389546,13.809349104,320.0,166.13944926194745,1.873106716791279,26.139449261947448,2.5349210800749495,5.165412673001089,ok,ok,Measurable precipitation forecast
2026-09-05T10:39:07.308215+00:00,schedule,17 6 * * 6,33961120017,1,0e180a3a83780b48c1b378920b0a3f94ac7ce103,orientation-eval-2026.2,c2fa1b1aaf967fb49d4f335564e11a2d2918fd41c77a7790c7b3877c5146d1ce,False,770.8781964166667,orientation-crosswind-hgb-v0.1,True,True,2026,1,401856660,2026-09-05 23:30:00+00:00,Clemson,LSU,3958.0,Tiger Stadium (LA),FBS,50.5,DraftKings,NO PLAY,0.5747936125978599,51.07479361259786,NO PLAY,1.1582288809494798,51.65822888094948,1.1582288809494798,0.58343526835162,False,84.0,82.0,0.16,2.301558184,4.603116368,180.0,157.14434181500735,1.8729309057714687,22.85565818499265,0.8939503281552683,2.120854281917658,ok,ok,Measurable precipitation forecast
2026-09-05T10:39:07.308215+00:00,schedule,17 6 * * 6,33961120017,1,0e180a3a83780b48c1b378920b0a3f94ac7ce103,orientation-eval-2026.2,c2fa1b1aaf967fb49d4f335564e11a2d2918fd41c77a7790c7b3877c5146d1ce,False,740.8781964166667,orientation-crosswind-hgb-v0.1,True,True,2026,1,401856668,2026-09-05 23:00:00+00:00,Missouri State,Texas A&M,3795.0,Kyle Field,FBS,53.5,DraftKings,NO PLAY,0.5716826079537506,54.07168260795376,NO PLAY,0.7780810130403558,54.27808101304036,0.7780810130403558,0.20639840508660523,False,90.0,58.0,0.12,5.75389546,8.055453644,120.0,141.6503524274865,1.881762059534153,21.650352427486496,2.1228508940565516,5.34797317179246,ok,ok,Measurable precipitation forecast
2026-09-05T10:39:07.308215+00:00,schedule,17 6 * * 6,33961120017,1,0e180a3a83780b48c1b378920b0a3f94ac7ce103,orientation-eval-2026.2,c2fa1b1aaf967fb49d4f335564e11a2d2918fd41c77a7790c7b3877c5146d1ce,False,740.8781964166667,orientation-crosswind-hgb-v0.1,True,False,2026,1,401856669,2026-09-05 23:00:00+00:00,Austin Peay,Vanderbilt,3973.0,FirstBank Stadium,OTHER,60.5,DraftKings,NO PLAY,0.5615882644708757,61.06158826447088,NO PLAY,,,,,False,95.0,49.0,0.01,3.452337276,5.75389546,,9.553564852765282,1.876443980381165,,,,ok,not_applicable,No meaningful precipitation signal
2026-09-05T10:39:07.308215+00:00,schedule,17 6 * * 6,33961120017,1,0e180a3a83780b48c1b378920b0a3f94ac7ce103,orientation-eval-2026.2,c2fa1b1aaf967fb49d4f335564e11a2d2918fd41c77a7790c7b3877c5146d1ce,False,950.8781964166667,orientation-crosswind-hgb-v0.1,True,True,2026,1,401858210,2026-09-06 02:30:00+00:00,UCLA,California,3831.0,California Memorial Stadium,FBS,53.5,DraftKings,NO PLAY,0.5585613927174016,54.0585613927174,NO PLAY,0.744113874916239,54.24411387491624,0.744113874916239,0.18555248219883747,False,64.0,74.0,0.0,3.452337276,8.055453644,260.0,138.34181520620166,1.873865692828897,58.34181520620166,2.9386100832705995,1.8119612153022098,ok,ok,No meaningful precipitation signal
2026-09-05T10:39:07.308215+00:00,schedule,17 6 * * 6,33961120017,1,0e180a3a83780b48c1b378920b0a3f94ac7ce103,orientation-eval-2026.2,c2fa1b1aaf967fb49d4f335564e11a2d2918fd41c77a7790c7b3877c5146d1ce,False,530.8781964166667,orientation-crosswind-hgb-v0.1,True,True,2026,1,401856777,2026-09-05 19:30:00+00:00,Boston College,Cincinnati,3854.0,Nippert Stadium,FBS,50.5,DraftKings,NO PLAY,0.5459645106389721,51.045964510638974,NO PLAY,0.7387767384760611,51.23877673847606,0.7387767384760611,0.19281222783708896,False,92.0,57.0,0.1,6.904674552,12.658570012,310.0,30.292940242135813,1.8752720884706584,80.29294024213581,6.805818262049895,1.1642029260333218,ok,ok,Measurable precipitation forecast
2026-09-05T10:39:07.308215+00:00,schedule,17 6 * * 6,33961120017,1,0e180a3a83780b48c1b378920b0a3f94ac7ce103,orientation-eval-2026.2,c2fa1b1aaf967fb49d4f335564e11a2d2918fd41c77a7790c7b3877c5146d1ce,False,740.8781964166667,orientation-crosswind-hgb-v0.1,True,False,2026,1,401860880,2026-09-05 23:00:00+00:00,Idaho State,Utah State,3905.0,Maverik Stadium,OTHER,62.5,DraftKings,NO PLAY,-0.5421718465648591,61.95782815343514,NO PLAY,,,,,False,83.0,21.0,0.0,6.904674552,16.110907288,,0.0549949799610065,1.8709093288735417,,,,ok,not_applicable,No meaningful precipitation signal
2026-09-05T10:39:07.308215+00:00,schedule,17 6 * * 6,33961120017,1,0e180a3a83780b48c1b378920b0a3f94ac7ce103,orientation-eval-2026.2,c2fa1b1aaf967fb49d4f335564e11a2d2918fd41c77a7790c7b3877c5146d1ce,False,365.87819641666664,orientation-crosswind-hgb-v0.1,True,True,2026,1,401856665,2026-09-05 16:45:00+00:00,Kent State,South Carolina,3994.0,Williams-Brice Stadium,FBS,53.5,DraftKings,NO PLAY,0.5058824682540549,54.00588246825406,NO PLAY,0.6816560969564125,54.18165609695641,0.6816560969564125,0.17577362870235758,False,94.0,53.0,0.0,2.301558184,5.75389546,250.0,150.28848240968938,1.8637031902069436,80.28848240968938,2.2685758873255186,0.3882441471324635,ok,ok,No meaningful precipitation signal
2026-09-05T10:39:07.308215+00:00,schedule,17 6 * * 6,33961120017,1,0e180a3a83780b48c1b378920b0a3f94ac7ce103,orientation-eval-2026.2,c2fa1b1aaf967fb49d4f335564e11a2d2918fd41c77a7790c7b3877c5146d1ce,False,3650.878196416667,orientation-crosswind-hgb-v0.1,True,True,2026,1,401858212,2026-09-07 23:30:00+00:00,SMU,Florida State,3697.0,Doak Campbell Stadium,FBS,53.5,DraftKings,NO PLAY,0.4820942669393737,53.98209426693937,NO PLAY,0.531517252989551,54.03151725298955,0.531517252989551,0.04942298605017731,False,81.0,79.0,0.56,3.452337276,10.357011828,140.0,135.22482562928116,1.874675346161188,4.775174370718844,0.28739349716915863,3.4403542906282167,ok,ok,Measurable precipitation forecast
2026-09-05T10:39:07.308215+00:00,schedule,17 6 * * 6,33961120017,1,0e180a3a83780b48c1b378920b0a3f94ac7ce103,orientation-eval-2026.2,c2fa1b1aaf967fb49d4f335564e11a2d2918fd41c77a7790c7b3877c5146d1ce,False,320.87819641666664,orientation-crosswind-hgb-v0.1,True,True,2026,1,401856780,2026-09-05 16:00:00+00:00,Coastal Carolina,West Virginia,3842.0,Milan Puskar Stadium,FBS,54.5,DraftKings,NO PLAY,0.455701717695326,54.95570171769533,NO PLAY,0.49409066478644814,54.99409066478645,0.49409066478644814,0.038388947091122116,False,75.0,94.0,0.01,3.452337276,8.055453644,320.0,151.8391563549951,1.878295656660805,11.839156354995112,0.7082986708012433,3.378897107075072,ok,ok,Precipitation possible
2026-09-05T10:39:07.308215+00:00,schedule,17 6 * * 6,33961120017,1,0e180a3a83780b48c1b378920b0a3f94ac7ce103,orientation-eval-2026.2,c2fa1b1aaf967fb49d4f335564e11a2d2918fd41c77a7790c7b3877c5146d1ce,False,320.87819641666664,orientation-crosswind-hgb-v0.1,True,False,2026,1,401866410,2026-09-05 16:00:00+00:00,Tarleton State,Bowling Green,3700.0,Doyt L. Perry Stadium,OTHER,47.5,DraftKings,NO PLAY,0.4506577495120215,47.95065774951202,NO PLAY,,,,,False,75.0,89.0,0.01,9.206232736,13.809349104,,0.6758989946279681,1.8752626526061864,,,,ok,not_applicable,No meaningful precipitation signal
2026-09-05T10:39:07.308215+00:00,schedule,17 6 * * 6,33961120017,1,0e180a3a83780b48c1b378920b0a3f94ac7ce103,orientation-eval-2026.2,c2fa1b1aaf967fb49d4f335564e11a2d2918fd41c77a7790c7b3877c5146d1ce,False,890.8781964166667,orientation-crosswind-hgb-v0.1,True,False,2026,1,401860879,2026-09-06 01:30:00+00:00,Portland State,San Diego State,7311.0,Snapdragon Stadium,OTHER,62.5,DraftKings,NO PLAY,-0.4328165538078645,62.06718344619213,NO PLAY,,,,,False,82.0,53.0,0.0,5.75389546,10.357011828,,6.698869441656768,1.8807757288763869,,,,ok,not_applicable,No meaningful precipitation signal
2026-09-05T10:39:07.308215+00:00,schedule,17 6 * * 6,33961120017,1,0e180a3a83780b48c1b378920b0a3f94ac7ce103,orientation-eval-2026.2,c2fa1b1aaf967fb49d4f335564e11a2d2918fd41c77a7790c7b3877c5146d1ce,False,770.8781964166667,orientation-crosswind-hgb-v0.1,True,False,2026,1,401858211,2026-09-05 23:30:00+00:00,VMI,Virginia Tech,3799.0,Lane Stadium,OTHER,62.5,DraftKings,NO PLAY,0.4217320471075974,62.9217320471076,NO PLAY,,,,,False,79.0,68.0,0.0,4.603116368,12.658570012,,177.73372357489274,1.871587088459928,,,,ok,not_applicable,No meaningful precipitation signal
2026-09-05T10:39:07.308215+00:00,schedule,17 6 * * 6,33961120017,1,0e180a3a83780b48c1b378920b0a3f94ac7ce103,orientation-eval-2026.2,c2fa1b1aaf967fb49d4f335564e11a2d2918fd41c77a7790c7b3877c5146d1ce,False,530.8781964166667,orientation-crosswind-hgb-v0.1,True,True,2026,1,401858209,2026-09-05 19:30:00+00:00,Tulane,Duke,3982.0,Wallace Wade Stadium,FBS,51.5,DraftKings,NO PLAY,0.4050930391344557,51.90509303913446,NO PLAY,0.06527247056737354,51.56527247056737,0.06527247056737354,-0.3398205685670822,False,95.0,43.0,0.27,4.603116368,11.50779092,320.0,166.49236575864683,1.8731317423860685,26.492365758646827,2.0533515473057924,4.1197606387418215,ok,ok,Measurable precipitation forecast
2026-09-05T10:39:07.308215+00:00,schedule,17 6 * * 6,33961120017,1,0e180a3a83780b48c1b378920b0a3f94ac7ce103,orientation-eval-2026.2,c2fa1b1aaf967fb49d4f335564e11a2d2918fd41c77a7790c7b3877c5146d1ce,False,920.8781964166667,orientation-crosswind-hgb-v0.1,True,True,2026,1,401864497,2026-09-06 02:00:00+00:00,UNLV,Hawai'i,7220.0,Clarence T.C. Ching Athletics Complex,FBS,55.5,DraftKings,NO PLAY,0.3798877279520266,55.87988772795202,NO PLAY,0.19375380473635995,55.69375380473636,0.19375380473635995,-0.18613392321566663,False,86.0,59.0,0.0,17.26168638,24.166360932000003,60.0,137.87542117088435,1.8754258424432992,77.87542117088435,16.8766338138672,3.6256099892448055,ok,ok,No meaningful precipitation signal
2026-09-05T10:39:07.308215+00:00,schedule,17 6 * * 6,33961120017,1,0e180a3a83780b48c1b378920b0a3f94ac7ce103,orientation-eval-2026.2,c2fa1b1aaf967fb49d4f335564e11a2d2918fd41c77a7790c7b3877c5146d1ce,False,380.87819641666664,orientation-crosswind-hgb-v0.1,True,False,2026,1,401864496,2026-09-05 17:00:00+00:00,Duquesne,Air Force,3713.0,Falcon Stadium,OTHER,57.5,DraftKings,NO PLAY,0.3535199679909518,57.85351996799096,NO PLAY,,,,,False,81.0,27.0,0.0,6.904674552,12.658570012,,0.3990833719262536,1.8695725154492429,,,,ok,not_applicable,No meaningful precipitation signal
2026-09-05T10:39:07.308215+00:00,schedule,17 6 * * 6,33961120017,1,0e180a3a83780b48c1b378920b0a3f94ac7ce103,orientation-eval-2026.2,c2fa1b1aaf967fb49d4f335564e11a2d2918fd41c77a7790c7b3877c5146d1ce,False,530.8781964166667,orientation-crosswind-hgb-v0.1,True,True,2026,1,401856667,2026-09-05 19:30:00+00:00,Texas State,Texas,3910.0,DKR-Texas Memorial Stadium,FBS,59.5,DraftKings,NO PLAY,0.3483057158473456,59.84830571584735,NO PLAY,0.22674729324872506,59.72674729324873,0.22674729324872506,-0.12155842259862054,False,96.0,42.0,0.0,4.603116368,9.206232736,130.0,5.163332994368684,1.8711227860024429,55.16333299436869,3.7781633773631955,2.6294793764738005,ok,ok,No meaningful precipitation signal
2026-09-05T10:39:07.308215+00:00,schedule,17 6 * * 6,33961120017,1,0e180a3a83780b48c1b378920b0a3f94ac7ce103,orientation-eval-2026.2,c2fa1b1aaf967fb49d4f335564e11a2d2918fd41c77a7790c7b3877c5146d1ce,False,440.87819641666664,orientation-crosswind-hgb-v0.1,True,False,2026,1,401866624,2026-09-05 18:00:00+00:00,Sacred Heart,Monmouth,5389.0,Kessler Stadium,FCS,58.5,DraftKings,NO PLAY,0.3367841346585671,58.836784134658565,NO PLAY,,,,,False,79.0,54.0,0.0,4.603116368,10.357011828,,,,,,,ok,not_applicable,No meaningful precipitation signal
2026-09-05T10:39:07.308215+00:00,schedule,17 6 * * 6,33961120017,1,0e180a3a83780b48c1b378920b0a3f94ac7ce103,orientation-eval-2026.2,c2fa1b1aaf967fb49d4f335564e11a2d2918fd41c77a7790c7b3877c5146d1ce,False,380.87819641666664,orientation-crosswind-hgb-v0.1,True,False,2026,1,401856659,2026-09-05 17:00:00+00:00,Youngstown State,Kentucky,3683.0,Kroger Field,OTHER,62.5,DraftKings,NO PLAY,-0.3182970429974126,62.181702957002585,NO PLAY,,,,,False,91.0,50.0,0.01,6.904674552,13.809349104,,121.27946965242243,1.8797781730267784,,,,ok,not_applicable,No meaningful precipitation signal
2026-09-05T10:39:07.308215+00:00,schedule,17 6 * * 6,33961120017,1,0e180a3a83780b48c1b378920b0a3f94ac7ce103,orientation-eval-2026.2,c2fa1b1aaf967fb49d4f335564e11a2d2918fd41c77a7790c7b3877c5146d1ce,False,800.8781964166667,orientation-crosswind-hgb-v0.1,True,False,2026,1,401869142,2026-09-06 00:00:00+00:00,Lamar,Louisiana,3666.0,Cajun Field,OTHER,48.5,DraftKings,NO PLAY,0.2887743926882287,48.78877439268823,NO PLAY,,,,,False,82.0,91.0,0.0,1.150779092,4.603116368,,141.9710608082338,1.8745272957141057,,,,ok,not_applicable,No meaningful precipitation signal
2026-09-05T10:39:07.308215+00:00,schedule,17 6 * * 6,33961120017,1,0e180a3a83780b48c1b378920b0a3f94ac7ce103,orientation-eval-2026.2,c2fa1b1aaf967fb49d4f335564e11a2d2918fd41c77a7790c7b3877c5146d1ce,False,740.8781964166667,orientation-crosswind-hgb-v0.1,True,True,2026,1,401862695,2026-09-05 23:00:00+00:00,Arkansas State,Memphis,3805.0,Simmons Bank Liberty Stadium,FBS,53.5,DraftKings,NO PLAY,0.2586674550352499,53.75866745503525,NO PLAY,0.3932389950058661,53.893238995005866,0.3932389950058661,0.13457153997061622,False,98.0,42.0,0.0,4.603116368,6.904674552,100.0,144.6272372247887,1.874840116984965,44.6272372247887,3.2336499197383897,3.2760019068867186,ok,ok,No meaningful precipitation signal
2026-09-05T10:39:07.308215+00:00,schedule,17 6 * * 6,33961120017,1,0e180a3a83780b48c1b378920b0a3f94ac7ce103,orientation-eval-2026.2,c2fa1b1aaf967fb49d4f335564e11a2d2918fd41c77a7790c7b3877c5146d1ce,False,800.8781964166667,orientation-crosswind-hgb-v0.1,True,False,2026,1,401858431,2026-09-06 00:00:00+00:00,South Dakota State,Northwestern,5960.0,Lanny and Sharon Martin Stadium,OTHER,46.5,DraftKings,NO PLAY,0.2541545234163602,46.75415452341636,NO PLAY,,,,,False,72.0,88.0,0.0,13.809349104,18.412465472,,,,,,,ok,not_applicable,No meaningful precipitation signal
2026-09-05T10:39:07.308215+00:00,schedule,17 6 * * 6,33961120017,1,0e180a3a83780b48c1b378920b0a3f94ac7ce103,orientation-eval-2026.2,c2fa1b1aaf967fb49d4f335564e11a2d2918fd41c77a7790c7b3877c5146d1ce,False,320.87819641666664,orientation-crosswind-hgb-v0.1,True,True,2026,1,401858425,2026-09-05 16:00:00+00:00,North Texas,Indiana,3830.0,"Memorial Stadium (Bloomington, IN)",FBS,56.5,DraftKings,NO PLAY,0.246791227436368,56.74679122743637,NO PLAY,0.012739528589352955,56.51273952858935,0.012739528589352955,-0.23405169884701504,False,88.0,63.0,0.0,4.603116368,9.206232736,280.0,0.2711403258881309,1.8867420585374264,80.27114032588813,4.536916542094198,0.7778615477201202,ok,ok,No meaningful precipitation signal
2026-09-05T10:39:07.308215+00:00,schedule,17 6 * * 6,33961120017,1,0e180a3a83780b48c1b378920b0a3f94ac7ce103,orientation-eval-2026.2,c2fa1b1aaf967fb49d4f335564e11a2d2918fd41c77a7790c7b3877c5146d1ce,False,530.8781964166667,orientation-crosswind-hgb-v0.1,True,True,2026,1,401858433,2026-09-05 19:30:00+00:00,Boise State,Oregon,3626.0,Autzen Stadium,FBS,51.5,DraftKings,NO PLAY,0.2092258706544209,51.70922587065442,NO PLAY,0.7791414635936798,52.27914146359368,0.7791414635936798,0.5699155929392589,False,63.0,77.0,0.0,2.301558184,4.603116368,320.0,105.36120059178636,1.8804881306402732,34.63879940821364,1.3082080289861702,1.8936107908526234,ok,ok,No meaningful precipitation signal
2026-09-05T10:39:07.308215+00:00,schedule,17 6 * * 6,33961120017,1,0e180a3a83780b48c1b378920b0a3f94ac7ce103,orientation-eval-2026.2,c2fa1b1aaf967fb49d4f335564e11a2d2918fd41c77a7790c7b3877c5146d1ce,False,530.8781964166667,orientation-crosswind-hgb-v0.1,True,False,2026,1,401856666,2026-09-05 19:30:00+00:00,Furman,Tennessee,3853.0,Neyland Stadium,OTHER,66.5,DraftKings,NO PLAY,0.1486903903016763,66.64869039030168,NO PLAY,,,,,False,95.0,48.0,0.02,2.301558184,5.75389546,,143.33976209110023,1.8809552948639368,,,,ok,not_applicable,Measurable precipitation forecast
2026-09-05T10:39:07.308215+00:00,schedule,17 6 * * 6,33961120017,1,0e180a3a83780b48c1b378920b0a3f94ac7ce103,orientation-eval-2026.2,c2fa1b1aaf967fb49d4f335564e11a2d2918fd41c77a7790c7b3877c5146d1ce,False,950.8781964166667,orientation-crosswind-hgb-v0.1,True,True,2026,1,401864432,2026-09-06 02:30:00+00:00,Western Kentucky,Nevada,3816.0,Mackay Stadium,FBS,51.5,DraftKings,NO PLAY,0.1166922941710121,51.61669229417101,NO PLAY,-0.5772472964929114,50.922752703507086,0.5772472964929114,-0.6939395906639235,False,69.0,40.0,0.0,11.50779092,18.412465472,250.0,141.30091289789323,1.8779851130915732,71.30091289789323,10.90035661802228,3.6893735861758867,ok,ok,No meaningful precipitation signal
2026-09-05T10:39:07.308215+00:00,schedule,17 6 * * 6,33961120017,1,0e180a3a83780b48c1b378920b0a3f94ac7ce103,orientation-eval-2026.2,c2fa1b1aaf967fb49d4f335564e11a2d2918fd41c77a7790c7b3877c5146d1ce,False,770.8781964166667,orientation-crosswind-hgb-v0.1,True,False,2026,1,401869129,2026-09-05 23:30:00+00:00,Northwestern State,Louisiana Tech,3776.0,Joe Aillet Stadium,OTHER,55.5,DraftKings,NO PLAY,0.0361856488790369,55.53618564887904,NO PLAY,,,,,False,89.0,61.0,0.02,3.452337276,8.055453644,,149.5693954975929,1.864809988113188,,,,ok,not_applicable,Measurable precipitation forecast
2026-09-05T10:39:07.308215+00:00,schedule,17 6 * * 6,33961120017,1,0e180a3a83780b48c1b378920b0a3f94ac7ce103,orientation-eval-2026.2,c2fa1b1aaf967fb49d4f335564e11a2d2918fd41c77a7790c7b3877c5146d1ce,False,2210.878196416667,orientation-crosswind-hgb-v0.1,True,True,2026,1,401856661,2026-09-06 23:30:00+00:00,Louisville,Ole Miss,3810.0,Nissan Stadium,FBS,54.5,DraftKings,NO PLAY,-0.0149235224266065,54.485076477573394,NO PLAY,1.6841115865938243,56.18411158659382,1.6841115865938243,1.6990351090204308,False,89.0,56.0,0.0,11.50779092,17.26168638,20.0,155.52571735450044,1.8739074256212769,44.47428264549956,8.062232301911882,8.211556622738657,ok,ok,No meaningful precipitation signal
2026-09-05T10:39:07.308215+00:00,schedule,17 6 * * 6,33961120017,1,0e180a3a83780b48c1b378920b0a3f94ac7ce103,orientation-eval-2026.2,c2fa1b1aaf967fb49d4f335564e11a2d2918fd41c77a7790c7b3877c5146d1ce,False,890.8781964166667,orientation-crosswind-hgb-v0.1,True,False,2026,1,401856773,2026-09-06 01:30:00+00:00,Northern Arizona,Arizona,3619.0,Arizona Stadium,OTHER,58.5,DraftKings,NO PLAY,-0.0052544505251489,58.49474554947485,NO PLAY,,,,,False,94.0,31.0,0.0,8.055453644,14.960128196,,179.81549241343362,1.8740699867497876,,,,ok,not_applicable,No meaningful precipitation signal
2026-09-05T10:39:07.308215+00:00,schedule,17 6 * * 6,33961120017,1,0e180a3a83780b48c1b378920b0a3f94ac7ce103,orientation-eval-2026.2,c2fa1b1aaf967fb49d4f335564e11a2d2918fd41c77a7790c7b3877c5146d1ce,False,260.8781964166667,orientation-crosswind-hgb-v0.1,True,False,2026,1,401868284,2026-09-05 15:00:00+00:00,Webber International,Stetson,4416.0,Spec Martin Municipal Stadium,OTHER,,missing,NO LINE,,,NO LINE,,,,,False,,,,,,,,,,,,,not_applicable,
2026-09-05T10:39:07.308215+00:00,schedule,17 6 * * 6,33961120017,1,0e180a3a83780b48c1b378920b0a3f94ac7ce103,orientation-eval-2026.2,c2fa1b1aaf967fb49d4f335564e11a2d2918fd41c77a7790c7b3877c5146d1ce,False,320.87819641666664,orientation-crosswind-hgb-v0.1,True,False,2026,1,401867928,2026-09-05 16:00:00+00:00,Southern Connecticut State,Wagner,3979.0,Wagner College Stadium,OTHER,,missing,NO LINE,,,NO LINE,,,,,False,,,,,,,,,,,,,not_applicable,
2026-09-05T10:39:07.308215+00:00,schedule,17 6 * * 6,33961120017,1,0e180a3a83780b48c1b378920b0a3f94ac7ce103,orientation-eval-2026.2,c2fa1b1aaf967fb49d4f335564e11a2d2918fd41c77a7790c7b3877c5146d1ce,False,650.8781964166667,orientation-crosswind-hgb-v0.1,True,False,2026,1,401868345,2026-09-05 21:30:00+00:00,Tusculum,East Tennessee State,5400.0,William B. Greene Jr. Stadium,OTHER,,missing,NO LINE,,,NO LINE,,,,,False,,,,,,,,,,,,,not_applicable,
2026-09-05T10:39:07.308215+00:00,schedule,17 6 * * 6,33961120017,1,0e180a3a83780b48c1b378920b0a3f94ac7ce103,orientation-eval-2026.2,c2fa1b1aaf967fb49d4f335564e11a2d2918fd41c77a7790c7b3877c5146d1ce,False,680.8781964166667,orientation-crosswind-hgb-v0.1,True,False,2026,1,401868325,2026-09-05 22:00:00+00:00,Lane College,Alabama State,4582.0,Hornet Stadium,OTHER,,missing,NO LINE,,,NO LINE,,,,,False,,,,,,,,,,,,,not_applicable,
2026-09-05T10:39:07.308215+00:00,schedule,17 6 * * 6,33961120017,1,0e180a3a83780b48c1b378920b0a3f94ac7ce103,orientation-eval-2026.2,c2fa1b1aaf967fb49d4f335564e11a2d2918fd41c77a7790c7b3877c5146d1ce,False,680.8781964166667,orientation-crosswind-hgb-v0.1,True,False,2026,1,401867978,2026-09-05 22:00:00+00:00,Elizabeth City State,North Carolina Central,3862.0,O'Kelly-Riddick Stadium,OTHER,,missing,NO LINE,,,NO LINE,,,,,False,,,,,,,,,,,,,not_applicable,
2026-09-05T10:39:07.308215+00:00,schedule,17 6 * * 6,33961120017,1,0e180a3a83780b48c1b378920b0a3f94ac7ce103,orientation-eval-2026.2,c2fa1b1aaf967fb49d4f335564e11a2d2918fd41c77a7790c7b3877c5146d1ce,False,680.8781964166667,orientation-crosswind-hgb-v0.1,True,False,2026,1,401867917,2026-09-05 22:00:00+00:00,West Virginia State,Robert Morris,3777.0,Joe Walton Stadium,OTHER,,missing,NO LINE,,,NO LINE,,,,,False,,,,,,,,,,,,,not_applicable,
2026-09-05T10:39:07.308215+00:00,schedule,17 6 * * 6,33961120017,1,0e180a3a83780b48c1b378920b0a3f94ac7ce103,orientation-eval-2026.2,c2fa1b1aaf967fb49d4f335564e11a2d2918fd41c77a7790c7b3877c5146d1ce,False,740.8781964166667,orientation-crosswind-hgb-v0.1,True,False,2026,1,401869136,2026-09-05 23:00:00+00:00,Texas Wesleyan,McNeese,3686.0,Cowboy Stadium,OTHER,,missing,NO LINE,,,NO LINE,,,,,False,,,,,,,,,,,,,not_applicable,
2026-09-05T10:39:07.308215+00:00,schedule,17 6 * * 6,33961120017,1,0e180a3a83780b48c1b378920b0a3f94ac7ce103,orientation-eval-2026.2,c2fa1b1aaf967fb49d4f335564e11a2d2918fd41c77a7790c7b3877c5146d1ce,False,740.8781964166667,orientation-crosswind-hgb-v0.1,True,False,2026,1,401868970,2026-09-05 23:00:00+00:00,Kentucky State,Southern,3599.0,Ace W. Mumford Stadium,OTHER,,missing,NO LINE,,,NO LINE,,,,,False,,,,,,,,,,,,,not_applicable,
2026-09-05T10:39:07.308215+00:00,schedule,17 6 * * 6,33961120017,1,0e180a3a83780b48c1b378920b0a3f94ac7ce103,orientation-eval-2026.2,c2fa1b1aaf967fb49d4f335564e11a2d2918fd41c77a7790c7b3877c5146d1ce,False,740.8781964166667,orientation-crosswind-hgb-v0.1,True,False,2026,1,401868953,2026-09-05 23:00:00+00:00,Central State,Grambling,3902.0,Eddie Robinson Stadium,OTHER,,missing,NO LINE,,,NO LINE,,,,,False,,,,,,,,,,,,,not_applicable,
2026-09-05T10:39:07.308215+00:00,schedule,17 6 * * 6,33961120017,1,0e180a3a83780b48c1b378920b0a3f94ac7ce103,orientation-eval-2026.2,c2fa1b1aaf967fb49d4f335564e11a2d2918fd41c77a7790c7b3877c5146d1ce,False,740.8781964166667,orientation-crosswind-hgb-v0.1,True,False,2026,1,401868297,2026-09-05 23:00:00+00:00,Miles,Alabama A&M,3809.0,Louis Crews Stadium,OTHER,,missing,NO LINE,,,NO LINE,,,,,False,,,,,,,,,,,,,not_applicable,
2026-09-05T10:39:07.308215+00:00,schedule,17 6 * * 6,33961120017,1,0e180a3a83780b48c1b378920b0a3f94ac7ce103,orientation-eval-2026.2,c2fa1b1aaf967fb49d4f335564e11a2d2918fd41c77a7790c7b3877c5146d1ce,False,740.8781964166667,orientation-crosswind-hgb-v0.1,True,False,2026,1,401868958,2026-09-05 23:00:00+00:00,Edward Waters,Jackson State,3976.0,Mississippi Veterans Memorial Stadium,OTHER,,missing,NO LINE,,,NO LINE,,,,,False,,,,,,,,,,,,,not_applicable,
2026-09-05T10:39:07.308215+00:00,schedule,17 6 * * 6,33961120017,1,0e180a3a83780b48c1b378920b0a3f94ac7ce103,orientation-eval-2026.2,c2fa1b1aaf967fb49d4f335564e11a2d2918fd41c77a7790c7b3877c5146d1ce,False,800.8781964166667,orientation-crosswind-hgb-v0.1,True,False,2026,1,401868074,2026-09-06 00:00:00+00:00,Central Washington,Cal Poly,1027.0,Alex G. Spanos Stadium,OTHER,,missing,NO LINE,,,NO LINE,,,,,False,,,,,,,,,,,,,not_applicable,
