weather_grouping,weather_bin,latitude_band,games,unique_venues,avg_latitude,avg_weather_value,avg_closing_total,avg_actual_total,avg_market_residual,residual_ci_low,residual_ci_high,under_rate,weather_bin_games,weather_bin_avg_residual,weather_bin_under_rate,residual_vs_same_weather_bin,under_rate_vs_same_weather_bin
temperature,35-50,30-35N,96,32,33.0097374375,45.23125000000001,55.489583333333336,51.447916666666664,-4.041666666666667,-7.506874853453974,-0.5764584798793599,0.6145833333333334,1191,0.6036943744752309,0.5012594458438288,-4.645361041141898,0.11332388748950462
temperature,35-50,35-40N,416,49,37.69504413533654,44.07740384615384,55.18028846153846,56.19230769230769,1.0120192307692308,-0.5915790724716237,2.6156175340100853,0.4855769230769231,1191,0.6036943744752309,0.5012594458438288,0.40832485629399995,-0.015682522766905682
temperature,35-50,40N+,679,47,42.09248716362298,43.48718703976436,53.14727540500736,54.15758468335788,1.0103092783505154,-0.19988219304462107,2.2205007497456517,0.4948453608247423,1191,0.6036943744752309,0.5012594458438288,0.40661490387528454,-0.0064140850190864684
temperature,50-70,30-35N,811,46,32.8031675352651,62.25166461159063,56.0098643649815,56.67940813810111,0.6695437731196054,-0.5021527133948298,1.8412402596340407,0.5030826140567201,3301,0.19948500454407755,0.5101484398667071,0.47005876857552786,-0.0070658258099870475
temperature,50-70,35-40N,1271,51,37.397831931235245,60.90999213217939,55.58851298190401,55.680566483084185,0.0920535011801731,-0.7859443084668697,0.9700513108272159,0.5043273013375295,3301,0.19948500454407755,0.5101484398667071,-0.10743150336390446,-0.00582113852917765
temperature,50-70,40N+,1104,49,42.171646055253625,60.129619565217396,53.28759057971015,53.21739130434783,-0.07019927536231885,-1.0135225315221668,0.8731239807975292,0.519927536231884,3301,0.19948500454407755,0.5101484398667071,-0.26968427990639643,0.009779096365176931
temperature,50-70,<30N,115,13,28.275267771304353,63.42,55.469565217391306,56.130434782608695,0.6608695652173913,-2.487541537017578,3.8092806674523603,0.5304347826086957,3301,0.19948500454407755,0.5101484398667071,0.4613845606733137,0.020286342741988594
temperature,70-85,30-35N,930,44,32.57676578827957,77.6110752688172,56.62956989247312,56.891397849462365,0.2618279569892473,-0.7713685225392356,1.2950244365177301,0.5075268817204301,2769,0.6547490068616829,0.49801372336583605,-0.3929210498724356,0.009513158354594098
temperature,70-85,35-40N,843,56,37.20613701613286,77.02064056939501,55.748517200474495,57.126927639383155,1.3784104389086596,0.18835845341181656,2.5684624244055025,0.4887307236061684,2769,0.6547490068616829,0.49801372336583605,0.7236614320469766,-0.00928299975966762
temperature,70-85,40N+,543,47,41.8601924320442,76.38821362799264,53.4926335174954,54.28729281767956,0.7946593001841621,-0.5500760555934093,2.1393946559617336,0.49171270718232046,2769,0.6547490068616829,0.49801372336583605,0.13991029332247917,-0.006301016183515584
temperature,70-85,<30N,453,14,27.18792198366446,79.14238410596026,56.24503311258278,56.19205298013245,-0.052980132450331126,-1.5329303005741424,1.42697003567348,0.5033112582781457,2769,0.6547490068616829,0.49801372336583605,-0.7077291393120141,0.005297534912309665
temperature,85+,30-35N,355,39,32.420636424507045,90.25774647887324,56.96478873239437,57.70140845070423,0.7366197183098592,-1.0463871507743558,2.519626587394074,0.5295774647887324,705,-0.0007092198581560284,0.5134751773049645,0.7373289381680151,0.016102287483767852
temperature,85+,35-40N,162,41,36.65517007283951,89.04320987654322,56.9320987654321,56.339506172839506,-0.5925925925925926,-3.055737801546227,1.8705526163610418,0.4506172839506173,705,-0.0007092198581560284,0.5134751773049645,-0.5918833727344366,-0.06285789335434722
temperature,85+,40N+,59,29,41.451694132203386,88.68474576271187,52.52542372881356,50.94915254237288,-1.576271186440678,-5.5418144306539885,2.389272057772632,0.5932203389830508,705,-0.0007092198581560284,0.5134751773049645,-1.575561966582522,0.07974516167808632
temperature,85+,<30N,129,14,28.181022865891475,88.35348837209303,55.031007751937985,54.46511627906977,-0.5658914728682171,-3.1645173956247206,2.032734449888286,0.5116279069767442,705,-0.0007092198581560284,0.5134751773049645,-0.5651822530100611,-0.0018472703282202962
temperature,<=35,35-40N,62,24,38.57808715806451,30.37741935483871,53.274193548387096,55.11290322580645,1.8387096774193548,-2.7391743393059533,6.416593694144663,0.46774193548387094,249,0.4819277108433735,0.4859437751004016,1.3567819665759813,-0.018201839616530657
temperature,<=35,40N+,187,40,42.19309557219251,29.321925133689845,51.50267379679144,51.53475935828877,0.03208556149732621,-2.163988879105735,2.228160002100388,0.4919786096256685,249,0.4819277108433735,0.4859437751004016,-0.44984214934604727,0.0060348345252668745
wind,0-5,30-35N,820,46,32.66276423768293,2.6904878048780487,56.020731707317076,54.92926829268293,-1.0914634146341464,-2.234721424020111,0.05179459475181791,0.5365853658536586,2581,0.20825261526540095,0.4943820224719101,-1.2997160298995474,0.04220334338174847
wind,0-5,35-40N,979,52,37.15976507221655,2.724004085801839,55.73493360572012,56.495403472931564,0.7604698672114403,-0.2876776101709191,1.8086173445937996,0.4729315628192033,2581,0.20825261526540095,0.4943820224719101,0.5522172519460393,-0.02145045965270681
wind,0-5,40N+,668,48,42.028223168113776,2.797305389221557,54.56062874251497,55.365269461077844,0.8046407185628742,-0.3868520286879674,1.996133465813716,0.47604790419161674,2581,0.20825261526540095,0.4943820224719101,0.5963881032974733,-0.018334118280293354
wind,0-5,<30N,114,11,28.366150512280708,3.3570175438596492,57.6359649122807,58.95614035087719,1.3201754385964912,-1.5533213483387753,4.193672225531758,0.4824561403508772,2581,0.20825261526540095,0.4943820224719101,1.1119228233310903,-0.011925882121032905
wind,10-15,30-35N,412,42,32.57279239126213,12.079368932038834,57.661407766990294,58.81553398058252,1.154126213592233,-0.49344673067908573,2.8016991578635517,0.5242718446601942,1845,-0.036314363143631435,0.5365853658536586,1.1904405767358643,-0.012313521193464405
wind,10-15,35-40N,545,53,37.41748448568808,12.048807339449542,55.73211009174312,55.579816513761465,-0.15229357798165138,-1.555051490963555,1.2504643350002522,0.5284403669724771,1845,-0.036314363143631435,0.5365853658536586,-0.11597921483801996,-0.008144998881181476
wind,10-15,40N+,676,47,42.043580865828396,12.205769230769231,52.294378698224854,51.49556213017752,-0.7988165680473372,-2.0081583176893036,0.41052518159462903,0.5502958579881657,1845,-0.036314363143631435,0.5365853658536586,-0.7625022049037058,0.013710492134507146
wind,10-15,<30N,212,14,27.458412193396228,12.012264150943398,54.761792452830186,55.14150943396226,0.37971698113207547,-1.7384878856628274,2.4979218479269782,0.5377358490566038,1845,-0.036314363143631435,0.5365853658536586,0.4160313442757069,0.0011504832029451961
wind,15-20,30-35N,74,26,32.74845972027027,17.054054054054053,59.398648648648646,62.86486486486486,3.4662162162162162,-0.5746178574877576,7.5070502899201905,0.47297297297297297,434,0.9400921658986175,0.5023041474654378,2.526124050317599,-0.029331174492464862
wind,15-20,35-40N,110,35,37.61205463181819,17.382727272727273,55.06363636363636,55.61818181818182,0.5545454545454546,-2.504930135839992,3.6140210449309014,0.5272727272727272,434,0.9400921658986175,0.5023041474654378,-0.385546711353163,0.024968579807289393
wind,15-20,40N+,195,43,41.95154081487179,17.60102564102564,52.34871794871795,52.282051282051285,-0.06666666666666667,-2.3074150371158018,2.174081703782468,0.517948717948718,434,0.9400921658986175,0.5023041474654378,-1.0067588325652843,0.015644570483280162
wind,15-20,<30N,55,12,26.83097692545455,17.09090909090909,55.28181818181818,57.163636363636364,1.8818181818181818,-2.386492192568471,6.150128556204835,0.43636363636363634,434,0.9400921658986175,0.5023041474654378,0.9417260159195643,-0.06594051110180149
wind,20+,35-40N,58,27,37.053039572413795,23.096551724137928,55.71551724137931,55.12068965517241,-0.5948275862068966,-5.51910186726279,4.329446694848996,0.5344827586206896,130,-0.2230769230769231,0.5307692307692308,-0.3717506631299735,0.003713527851458842
wind,20+,40N+,72,30,41.858036822222225,23.356944444444444,50.38194444444444,50.458333333333336,0.0763888888888889,-4.004075198241688,4.156852976019467,0.5277777777777778,130,-0.2230769230769231,0.5307692307692308,0.299465811965812,-0.002991452991452981
wind,5-10,30-35N,866,45,32.676126705773676,7.253233256351038,55.92147806004619,56.89953810623557,0.9780600461893765,-0.10802640822062592,2.064146500599379,0.4896073903002309,3186,0.7934714375392341,0.4930947897049592,0.18458860865014237,-0.003487399404728253
wind,5-10,35-40N,1062,53,37.523723022598865,7.386064030131826,55.46421845574388,56.43408662900188,0.9698681732580038,-0.020840679175513244,1.9605770256915207,0.4868173258003766,3186,0.7934714375392341,0.4930947897049592,0.17639673571876968,-0.006277463904582559
wind,5-10,40N+,961,49,42.157644634547346,7.377523413111342,53.132154006243496,54.13423517169615,1.0020811654526536,-0.004193256334387385,2.0083555872396945,0.49427679500520294,3186,0.7934714375392341,0.4930947897049592,0.20860972791341947,0.0011820053002437603
wind,5-10,<30N,297,15,27.83347052390572,7.445454545454546,56.292929292929294,55.24242424242424,-1.0505050505050506,-2.955308391477236,0.8542982904671346,0.5218855218855218,3186,0.7934714375392341,0.4930947897049592,-1.8439764880442846,0.02879073218056266
