captured_at_utc,github_event_name,github_event_schedule,github_run_id,github_run_attempt,github_sha,evaluation_protocol_version,evaluation_protocol_sha256,challenger_config_sha256,official_evaluation_eligible,post_freeze_capture,entry_lead_minutes,challenger_version,research_only,joint_core_ready,context_ready,orientation_ready,outdoor,fbs_vs_fbs,season,week,game_id,start_date,away_team,home_team,venue_id,venue_name,division_track,closing_total,line_provider,baseline_status,baseline_pred_market_residual,model_projected_total,challenger_status,challenger_pred_market_residual,challenger_projected_total,challenger_abs_edge,challenger_minus_baseline_edge,status_changed,temperature_f,temperature_context_normal_f,temperature_anomaly_f,venue_latitude,wind_mph,wind_local_percentile,temperature_latitude_interaction,wind_latitude_interaction,shadow_wind_direction_degrees,field_axis_deg,axis_uncertainty_deg,wind_field_angle_deg,crosswind_mph,alongwind_mph,nws_status,shadow_weather_status,weather_summary
2026-09-05T10:39:12.165943+00:00,schedule,17 6 * * 6,33961120017,1,0e180a3a83780b48c1b378920b0a3f94ac7ce103,joint-core-eval-2026.1,098b834330fbd5c8ec066917ac1a9ef23a59e698156e98b9bd67a733f93bf03e,8e34f383605caffc7734fe46c4ae309324759e61300e5a2c72637d989a17dc71,False,True,530.7972342833333,joint-core-weather-context-hgb-v0.1,True,False,True,False,True,False,2026,1,401866625,2026-09-05 19:30:00+00:00,Western Carolina,Campbell,3629.0,Barker-Lane Stadium,FCS,67.5,DraftKings,QUALIFIES,-8.721497885469075,58.77850211453092,NO PLAY,,,,,True,97.0,77.7159070598749,19.284092940125106,35.4047689,3.452337276,0.15862377122430743,1.5611202173744432,-0.027635696121537125,,,,,,,ok,not_applicable,Measurable precipitation forecast
2026-09-05T10:39:12.165943+00:00,schedule,17 6 * * 6,33961120017,1,0e180a3a83780b48c1b378920b0a3f94ac7ce103,joint-core-eval-2026.1,098b834330fbd5c8ec066917ac1a9ef23a59e698156e98b9bd67a733f93bf03e,8e34f383605caffc7734fe46c4ae309324759e61300e5a2c72637d989a17dc71,False,True,800.7972342833333,joint-core-weather-context-hgb-v0.1,True,False,True,False,True,False,2026,1,401867845,2026-09-06 00:00:00+00:00,Illinois State,Western Illinois,3746.0,Hanson Field,FCS,59.5,DraftKings,QUALIFIES,-8.237795406454655,51.26220459354535,NO PLAY,,,,,True,88.0,72.13042688465032,15.86957311534968,40.4683928,5.75389546,0.28928247048138056,17.356211872610345,-0.23045724425068106,,,,,,,ok,not_applicable,No meaningful precipitation signal
2026-09-05T10:39:12.165943+00:00,schedule,17 6 * * 6,33961120017,1,0e180a3a83780b48c1b378920b0a3f94ac7ce103,joint-core-eval-2026.1,098b834330fbd5c8ec066917ac1a9ef23a59e698156e98b9bd67a733f93bf03e,8e34f383605caffc7734fe46c4ae309324759e61300e5a2c72637d989a17dc71,False,True,680.7972342833333,joint-core-weather-context-hgb-v0.1,True,False,True,False,True,False,2026,1,401867692,2026-09-05 22:00:00+00:00,Delaware State,William & Mary,3998.0,Zable Stadium,FCS,56.5,DraftKings,NO PLAY,10.80686423501382,67.30686423501382,NO PLAY,,,,,False,82.0,77.7159070598749,4.284092940125106,37.2730996,4.603116368,0.2515638963360143,1.947633989712242,-0.11294400157283299,,,,,,,ok,not_applicable,Measurable precipitation forecast
2026-09-05T10:39:12.165943+00:00,schedule,17 6 * * 6,33961120017,1,0e180a3a83780b48c1b378920b0a3f94ac7ce103,joint-core-eval-2026.1,098b834330fbd5c8ec066917ac1a9ef23a59e698156e98b9bd67a733f93bf03e,8e34f383605caffc7734fe46c4ae309324759e61300e5a2c72637d989a17dc71,False,True,740.7972342833333,joint-core-weather-context-hgb-v0.1,True,False,True,False,True,False,2026,1,401868071,2026-09-05 23:00:00+00:00,West Florida,Central Arkansas,3711.0,Estes Stadium,FCS,55.5,DraftKings,NO PLAY,6.980222663623851,62.48022266362385,NO PLAY,,,,,False,98.0,77.7159070598749,20.284092940125106,35.0802599,2.301558184,0.08534405719392314,0.32559985419303544,-0.006656048900804414,,,,,,,ok,not_applicable,No meaningful precipitation signal
2026-09-05T10:39:12.165943+00:00,schedule,17 6 * * 6,33961120017,1,0e180a3a83780b48c1b378920b0a3f94ac7ce103,joint-core-eval-2026.1,098b834330fbd5c8ec066917ac1a9ef23a59e698156e98b9bd67a733f93bf03e,8e34f383605caffc7734fe46c4ae309324759e61300e5a2c72637d989a17dc71,False,True,350.79723428333335,joint-core-weather-context-hgb-v0.1,True,False,True,False,True,False,2026,1,401868017,2026-09-05 16:30:00+00:00,Lehigh,Georgetown,3847.0,Cooper Field,FCS,49.5,DraftKings,NO PLAY,6.627347940807075,56.12734794080708,NO PLAY,,,,,False,80.0,77.7159070598749,2.284092940125106,38.9080248,5.75389546,0.37667560321715815,1.7852583711027656,-0.09639096021447723,,,,,,,ok,not_applicable,No meaningful precipitation signal
2026-09-05T10:39:12.165943+00:00,schedule,17 6 * * 6,33961120017,1,0e180a3a83780b48c1b378920b0a3f94ac7ce103,joint-core-eval-2026.1,098b834330fbd5c8ec066917ac1a9ef23a59e698156e98b9bd67a733f93bf03e,8e34f383605caffc7734fe46c4ae309324759e61300e5a2c72637d989a17dc71,False,True,680.7972342833333,joint-core-weather-context-hgb-v0.1,True,False,True,False,True,False,2026,1,401869127,2026-09-05 22:00:00+00:00,Richmond,Howard,3990.0,William H. Greene Stadium,FCS,45.5,DraftKings,NO PLAY,6.485526650857721,51.98552665085772,NO PLAY,,,,,False,79.0,77.7159070598749,1.284092940125106,38.925487,4.603116368,0.2515638963360143,1.0081380286505757,-0.1950465390527255,,,,,,,ok,not_applicable,No meaningful precipitation signal
2026-09-05T10:39:12.165943+00:00,schedule,17 6 * * 6,33961120017,1,0e180a3a83780b48c1b378920b0a3f94ac7ce103,joint-core-eval-2026.1,098b834330fbd5c8ec066917ac1a9ef23a59e698156e98b9bd67a733f93bf03e,8e34f383605caffc7734fe46c4ae309324759e61300e5a2c72637d989a17dc71,False,True,500.79723428333335,joint-core-weather-context-hgb-v0.1,True,False,True,False,True,False,2026,1,401868111,2026-09-05 19:00:00+00:00,Drake,Montana,3987.0,Washington-Grizzly Stadium,FCS,57.5,DraftKings,NO PLAY,6.432531339043785,63.93253133904378,NO PLAY,,,,,False,66.0,69.22222222222223,-3.2222222222222285,46.8638753,1.150779092,0.0,-7.64560852666668,-1.1863875299999997,,179.89373597081112,1.873851391023768,,,,ok,not_applicable,Measurable precipitation forecast
2026-09-05T10:39:12.165943+00:00,schedule,17 6 * * 6,33961120017,1,0e180a3a83780b48c1b378920b0a3f94ac7ce103,joint-core-eval-2026.1,098b834330fbd5c8ec066917ac1a9ef23a59e698156e98b9bd67a733f93bf03e,8e34f383605caffc7734fe46c4ae309324759e61300e5a2c72637d989a17dc71,False,True,1760.7972342833334,joint-core-weather-context-hgb-v0.1,True,False,True,False,True,False,2026,1,401868967,2026-09-06 16:00:00+00:00,Texas Southern,Prairie View A&M,5238.0,Panther Stadium,FCS,54.5,DraftKings,NO PLAY,5.950550593774461,60.45055059377446,NO PLAY,,,,,False,86.0,83.12691867124857,2.873081328751425,30.0937874,3.452337276,0.20217640320733105,-2.819189563188997,0.2922371766323024,,,,,,,ok,not_applicable,Measurable precipitation forecast
2026-09-05T10:39:12.165943+00:00,schedule,17 6 * * 6,33961120017,1,0e180a3a83780b48c1b378920b0a3f94ac7ce103,joint-core-eval-2026.1,098b834330fbd5c8ec066917ac1a9ef23a59e698156e98b9bd67a733f93bf03e,8e34f383605caffc7734fe46c4ae309324759e61300e5a2c72637d989a17dc71,False,True,800.7972342833333,joint-core-weather-context-hgb-v0.1,True,False,True,False,True,False,2026,1,401868158,2026-09-06 00:00:00+00:00,Weber State,Southern Utah,3706.0,Eccles Coliseum,FCS,58.5,DraftKings,NO PLAY,5.6906787412589,64.19067874125889,NO PLAY,,,,,False,78.0,77.7159070598749,0.284092940125106,37.6757919,14.960128196,0.951295799821269,0.15203471760678874,0.24151472913315464,,,,,,,ok,not_applicable,No meaningful precipitation signal
2026-09-05T10:39:12.165943+00:00,schedule,17 6 * * 6,33961120017,1,0e180a3a83780b48c1b378920b0a3f94ac7ce103,joint-core-eval-2026.1,098b834330fbd5c8ec066917ac1a9ef23a59e698156e98b9bd67a733f93bf03e,8e34f383605caffc7734fe46c4ae309324759e61300e5a2c72637d989a17dc71,False,True,680.7972342833333,joint-core-weather-context-hgb-v0.1,True,False,True,False,True,False,2026,1,401868274,2026-09-05 22:00:00+00:00,Presbyterian,Mercer,4417.0,Five Star Stadium at the Moye Complex,FCS,56.5,DraftKings,NO PLAY,5.4043585220055865,61.90435852200559,NO PLAY,,,,,False,95.0,83.12691867124857,11.873081328751425,32.8262075,3.452337276,0.20217640320733105,-5.161923028865971,0.1294813402061854,,,,,,,ok,not_applicable,No meaningful precipitation signal
2026-09-05T10:39:12.165943+00:00,schedule,17 6 * * 6,33961120017,1,0e180a3a83780b48c1b378920b0a3f94ac7ce103,joint-core-eval-2026.1,098b834330fbd5c8ec066917ac1a9ef23a59e698156e98b9bd67a733f93bf03e,8e34f383605caffc7734fe46c4ae309324759e61300e5a2c72637d989a17dc71,False,True,380.79723428333335,joint-core-weather-context-hgb-v0.1,True,False,True,False,True,False,2026,1,401868000,2026-09-05 17:00:00+00:00,Holy Cross,Colgate,3617.0,Andy Kerr Stadium,FCS,47.5,DraftKings,NO PLAY,4.869904716933212,52.36990471693321,NO PLAY,,,,,False,71.0,72.13042688465032,-1.1304268846503192,42.8168991,6.904674552,0.4137148047229791,-1.767286579447777,-0.13489653306085378,,,,,,,ok,not_applicable,No meaningful precipitation signal
2026-09-05T10:39:12.165943+00:00,schedule,17 6 * * 6,33961120017,1,0e180a3a83780b48c1b378920b0a3f94ac7ce103,joint-core-eval-2026.1,098b834330fbd5c8ec066917ac1a9ef23a59e698156e98b9bd67a733f93bf03e,8e34f383605caffc7734fe46c4ae309324759e61300e5a2c72637d989a17dc71,False,True,800.7972342833333,joint-core-weather-context-hgb-v0.1,True,False,True,False,True,False,2026,1,401868306,2026-09-06 00:00:00+00:00,East Texas A&M,Stephen F. Austin,3756.0,Homer Bryce Stadium,FCS,56.5,DraftKings,NO PLAY,4.7839815824397816,61.28398158243978,NO PLAY,,,,,False,84.0,83.12691867124857,0.8730813287514252,31.625719,2.301558184,0.11168384879725086,-0.5892043478121376,0.26205756219931275,,,,,,,ok,not_applicable,No meaningful precipitation signal
2026-09-05T10:39:12.165943+00:00,schedule,17 6 * * 6,33961120017,1,0e180a3a83780b48c1b378920b0a3f94ac7ce103,joint-core-eval-2026.1,098b834330fbd5c8ec066917ac1a9ef23a59e698156e98b9bd67a733f93bf03e,8e34f383605caffc7734fe46c4ae309324759e61300e5a2c72637d989a17dc71,False,True,920.7972342833333,joint-core-weather-context-hgb-v0.1,True,False,True,False,True,False,2026,1,401868163,2026-09-06 02:00:00+00:00,UC Davis,San Diego,716.0,Torero Stadium,FCS,57.5,DraftKings,NO PLAY,-4.375776309621213,53.124223690378784,NO PLAY,,,,,False,75.0,83.12691867124857,-8.126918671248575,32.7730674,5.75389546,0.4289805269186712,3.6196200253104234,0.03163111596792667,,,,,,,ok,not_applicable,No meaningful precipitation signal
2026-09-05T10:39:12.165943+00:00,schedule,17 6 * * 6,33961120017,1,0e180a3a83780b48c1b378920b0a3f94ac7ce103,joint-core-eval-2026.1,098b834330fbd5c8ec066917ac1a9ef23a59e698156e98b9bd67a733f93bf03e,8e34f383605caffc7734fe46c4ae309324759e61300e5a2c72637d989a17dc71,False,True,740.7972342833333,joint-core-weather-context-hgb-v0.1,True,False,True,False,True,False,2026,1,401867684,2026-09-05 23:00:00+00:00,Chicago State,UT Martin,3748.0,Graham Stadium,FCS,61.5,DraftKings,NO PLAY,-4.254319671957875,57.24568032804213,NO PLAY,,,,,False,95.0,77.7159070598749,17.284092940125106,36.3448341,2.301558184,0.08534405719392314,4.6488475146899,-0.11152869033065237,,,,,,,ok,not_applicable,No meaningful precipitation signal
2026-09-05T10:39:12.165943+00:00,schedule,17 6 * * 6,33961120017,1,0e180a3a83780b48c1b378920b0a3f94ac7ce103,joint-core-eval-2026.1,098b834330fbd5c8ec066917ac1a9ef23a59e698156e98b9bd67a733f93bf03e,8e34f383605caffc7734fe46c4ae309324759e61300e5a2c72637d989a17dc71,False,True,740.7972342833333,joint-core-weather-context-hgb-v0.1,True,False,True,False,True,False,2026,1,401868085,2026-09-05 23:00:00+00:00,Northern Iowa,Eastern Washington,3906.0,Roos Field,FCS,52.5,DraftKings,NO PLAY,4.2458541650856265,56.745854165085625,NO PLAY,,,,,False,70.0,72.13042688465032,-2.130426884650319,47.49278,2.301558184,0.06857402361489555,-5.322990875204364,-1.0779419618528614,,,,,,,ok,not_applicable,No meaningful precipitation signal
2026-09-05T10:39:12.165943+00:00,schedule,17 6 * * 6,33961120017,1,0e180a3a83780b48c1b378920b0a3f94ac7ce103,joint-core-eval-2026.1,098b834330fbd5c8ec066917ac1a9ef23a59e698156e98b9bd67a733f93bf03e,8e34f383605caffc7734fe46c4ae309324759e61300e5a2c72637d989a17dc71,False,True,1940.7972342833334,joint-core-weather-context-hgb-v0.1,True,False,True,False,True,False,2026,1,401867939,2026-09-06 19:00:00+00:00,South Carolina State,Florida A&M,3948.0,Hard Rock Stadium,FCS,55.5,DraftKings,NO PLAY,3.944260509816077,59.44426050981608,NO PLAY,,,,,False,87.0,84.66774193548386,2.3322580645161395,25.9579665,4.603116368,0.11290322580645161,-4.217671110000018,0.7000283999999999,,121.65903108347374,1.873103367360682,,,,ok,not_applicable,Measurable precipitation forecast
2026-09-05T10:39:12.165943+00:00,schedule,17 6 * * 6,33961120017,1,0e180a3a83780b48c1b378920b0a3f94ac7ce103,joint-core-eval-2026.1,098b834330fbd5c8ec066917ac1a9ef23a59e698156e98b9bd67a733f93bf03e,8e34f383605caffc7734fe46c4ae309324759e61300e5a2c72637d989a17dc71,False,True,800.7972342833333,joint-core-weather-context-hgb-v0.1,True,False,True,False,True,False,2026,1,401867883,2026-09-06 00:00:00+00:00,South Dakota,Northern Colorado,3856.0,Nottingham Field,FCS,56.5,DraftKings,NO PLAY,-3.810812400092722,52.68918759990728,NO PLAY,,,,,False,91.0,72.13042688465032,18.86957311534968,40.403493,6.904674552,0.4137148047229791,20.392321248356026,-0.09324828973660303,,,,,,,ok,not_applicable,No meaningful precipitation signal
2026-09-05T10:39:12.165943+00:00,schedule,17 6 * * 6,33961120017,1,0e180a3a83780b48c1b378920b0a3f94ac7ce103,joint-core-eval-2026.1,098b834330fbd5c8ec066917ac1a9ef23a59e698156e98b9bd67a733f93bf03e,8e34f383605caffc7734fe46c4ae309324759e61300e5a2c72637d989a17dc71,False,True,680.7972342833333,joint-core-weather-context-hgb-v0.1,True,False,True,False,True,False,2026,1,401868336,2026-09-05 22:00:00+00:00,Tennessee Tech,Chattanooga,3720.0,Finley Stadium,FCS,49.5,DraftKings,NO PLAY,-3.390497507163704,46.1095024928363,NO PLAY,,,,,False,95.0,77.7159070598749,17.284092940125106,35.0363792,3.452337276,0.15862377122430743,0.1257562947774762,-0.002483798820375263,,,,,,,ok,not_applicable,No meaningful precipitation signal
2026-09-05T10:39:12.165943+00:00,schedule,17 6 * * 6,33961120017,1,0e180a3a83780b48c1b378920b0a3f94ac7ce103,joint-core-eval-2026.1,098b834330fbd5c8ec066917ac1a9ef23a59e698156e98b9bd67a733f93bf03e,8e34f383605caffc7734fe46c4ae309324759e61300e5a2c72637d989a17dc71,False,True,560.7972342833333,joint-core-weather-context-hgb-v0.1,True,False,False,False,False,False,2026,1,401867875,2026-09-05 20:00:00+00:00,St. Thomas (MN),North Dakota,3605.0,Alerus Center,FCS,52.5,DraftKings,NO PLAY,3.25825651841652,55.75825651841652,NO PLAY,,,,,False,,,,,,,,,,,,,,,indoor,not_applicable,Indoor/dome game
2026-09-05T10:39:12.165943+00:00,schedule,17 6 * * 6,33961120017,1,0e180a3a83780b48c1b378920b0a3f94ac7ce103,joint-core-eval-2026.1,098b834330fbd5c8ec066917ac1a9ef23a59e698156e98b9bd67a733f93bf03e,8e34f383605caffc7734fe46c4ae309324759e61300e5a2c72637d989a17dc71,False,True,830.7972342833333,joint-core-weather-context-hgb-v0.1,True,False,True,False,True,False,2026,1,401868119,2026-09-06 00:30:00+00:00,Butler,Montana State,3643.0,Bobcat Stadium,FCS,59.5,DraftKings,NO PLAY,2.980456621473481,62.48045662147348,NO PLAY,,,,,False,77.0,71.92222222222222,5.077777777777783,45.659048,4.603116368,0.3888888888888889,10.824855413333342,-0.23686773333333327,,135.33568482139555,1.8823323676204664,,,,ok,not_applicable,No meaningful precipitation signal
2026-09-05T10:39:12.165943+00:00,schedule,17 6 * * 6,33961120017,1,0e180a3a83780b48c1b378920b0a3f94ac7ce103,joint-core-eval-2026.1,098b834330fbd5c8ec066917ac1a9ef23a59e698156e98b9bd67a733f93bf03e,8e34f383605caffc7734fe46c4ae309324759e61300e5a2c72637d989a17dc71,False,True,320.79723428333335,joint-core-weather-context-hgb-v0.1,True,False,True,False,True,False,2026,1,401867924,2026-09-05 16:00:00+00:00,Stonehill,New Haven,6058.0,Ralph F. DellaCamera Stadium,FCS,41.5,DraftKings,NO PLAY,-2.122547481399682,39.37745251860032,NO PLAY,,,,,False,74.0,72.13042688465032,1.8695731153496808,41.2706527,6.904674552,0.4137148047229791,2.3446887407229773,-0.10821289854677564,,,,,,,ok,not_applicable,No meaningful precipitation signal
2026-09-05T10:39:12.165943+00:00,schedule,17 6 * * 6,33961120017,1,0e180a3a83780b48c1b378920b0a3f94ac7ce103,joint-core-eval-2026.1,098b834330fbd5c8ec066917ac1a9ef23a59e698156e98b9bd67a733f93bf03e,8e34f383605caffc7734fe46c4ae309324759e61300e5a2c72637d989a17dc71,False,True,680.7972342833333,joint-core-weather-context-hgb-v0.1,True,False,True,False,True,False,2026,1,401867989,2026-09-05 22:00:00+00:00,Villanova,Bucknell,3676.0,Christy Mathewson-Memorial Stadium,FCS,56.5,DraftKings,NO PLAY,2.0458545911782133,58.54585459117821,NO PLAY,,,,,False,77.0,72.13042688465032,4.869573115349681,40.9519411,4.603116368,0.19118982742960944,5.79668247294096,-0.36760399164395996,,,,,,,ok,not_applicable,No meaningful precipitation signal
2026-09-05T10:39:12.165943+00:00,schedule,17 6 * * 6,33961120017,1,0e180a3a83780b48c1b378920b0a3f94ac7ce103,joint-core-eval-2026.1,098b834330fbd5c8ec066917ac1a9ef23a59e698156e98b9bd67a733f93bf03e,8e34f383605caffc7734fe46c4ae309324759e61300e5a2c72637d989a17dc71,False,True,680.7972342833333,joint-core-weather-context-hgb-v0.1,True,False,True,False,True,False,2026,1,401866626,2026-09-05 22:00:00+00:00,Elon,Davidson,3897.0,Richardson Stadium,FCS,58.5,DraftKings,NO PLAY,1.7235426072975613,60.22354260729756,NO PLAY,,,,,False,92.0,77.7159070598749,14.284092940125106,35.4995744,4.603116368,0.2515638963360143,1.4271934320214477,-0.024822463485254704,,,,,,,ok,not_applicable,Measurable precipitation forecast
2026-09-05T10:39:12.165943+00:00,schedule,17 6 * * 6,33961120017,1,0e180a3a83780b48c1b378920b0a3f94ac7ce103,joint-core-eval-2026.1,098b834330fbd5c8ec066917ac1a9ef23a59e698156e98b9bd67a733f93bf03e,8e34f383605caffc7734fe46c4ae309324759e61300e5a2c72637d989a17dc71,False,True,410.79723428333335,joint-core-weather-context-hgb-v0.1,True,False,True,False,True,False,2026,1,401868186,2026-09-05 17:30:00+00:00,Gardner-Webb,Wofford,3737.0,Gibbs Stadium,FCS,47.5,DraftKings,NO PLAY,1.664136846613877,49.16413684661388,NO PLAY,,,,,False,95.0,83.12691867124857,11.873081328751425,34.9618606,1.150779092,0.09335624284077892,-0.0905664396059531,0.0031018297823595655,,,,,,,ok,not_applicable,No meaningful precipitation signal
2026-09-05T10:39:12.165943+00:00,schedule,17 6 * * 6,33961120017,1,0e180a3a83780b48c1b378920b0a3f94ac7ce103,joint-core-eval-2026.1,098b834330fbd5c8ec066917ac1a9ef23a59e698156e98b9bd67a733f93bf03e,8e34f383605caffc7734fe46c4ae309324759e61300e5a2c72637d989a17dc71,False,True,740.7972342833333,joint-core-weather-context-hgb-v0.1,True,False,True,False,True,False,2026,1,401862697,2026-09-05 23:00:00+00:00,Houston Christian,Rice,3895.0,Rice Stadium,OTHER,47.5,DraftKings,NO PLAY,1.5478328744599257,49.04783287445993,NO PLAY,,,,,False,87.0,85.56315789473685,1.4368421052631533,29.7163297,4.603116368,0.07894736842105263,-1.5183599914736796,0.4449406568421053,,179.4394182828769,1.8720276624385963,,,,ok,not_applicable,Measurable precipitation forecast
2026-09-05T10:39:12.165943+00:00,schedule,17 6 * * 6,33961120017,1,0e180a3a83780b48c1b378920b0a3f94ac7ce103,joint-core-eval-2026.1,098b834330fbd5c8ec066917ac1a9ef23a59e698156e98b9bd67a733f93bf03e,8e34f383605caffc7734fe46c4ae309324759e61300e5a2c72637d989a17dc71,False,True,920.7972342833333,joint-core-weather-context-hgb-v0.1,True,False,True,False,True,False,2026,1,401856774,2026-09-06 02:00:00+00:00,Morgan State,Arizona State,3947.0,Mountain America Stadium,OTHER,52.5,DraftKings,NO PLAY,1.424897551033898,53.9248975510339,NO PLAY,,,,,False,98.0,94.31481481481481,3.6851851851851904,33.4264471,4.603116368,0.16666666666666666,-1.1597667670370408,0.10490352666666687,,14.150279556134343,1.8715068734243092,,,,ok,not_applicable,No meaningful precipitation signal
2026-09-05T10:39:12.165943+00:00,schedule,17 6 * * 6,33961120017,1,0e180a3a83780b48c1b378920b0a3f94ac7ce103,joint-core-eval-2026.1,098b834330fbd5c8ec066917ac1a9ef23a59e698156e98b9bd67a733f93bf03e,8e34f383605caffc7734fe46c4ae309324759e61300e5a2c72637d989a17dc71,False,True,800.7972342833333,joint-core-weather-context-hgb-v0.1,True,False,True,False,True,False,2026,1,401856775,2026-09-06 00:00:00+00:00,Utah Tech,BYU,3801.0,LaVell Edwards Stadium,OTHER,61.5,DraftKings,NO PLAY,1.3525441165479335,62.85254411654793,NO PLAY,,,,,False,85.0,69.7,15.299999999999997,40.2575347,5.75389546,0.4523809523809524,16.088056182,-0.05007175904761905,,179.29850852085707,1.8747947404156928,,,,ok,not_applicable,No meaningful precipitation signal
2026-09-05T10:39:12.165943+00:00,schedule,17 6 * * 6,33961120017,1,0e180a3a83780b48c1b378920b0a3f94ac7ce103,joint-core-eval-2026.1,098b834330fbd5c8ec066917ac1a9ef23a59e698156e98b9bd67a733f93bf03e,8e34f383605caffc7734fe46c4ae309324759e61300e5a2c72637d989a17dc71,False,True,530.7972342833333,joint-core-weather-context-hgb-v0.1,True,False,False,False,False,True,2026,1,401856636,2026-09-05 19:30:00+00:00,Baylor,Auburn,5348.0,Mercedes-Benz Stadium,FBS,59.5,DraftKings,NO PLAY,1.2535062643919952,60.753506264392,NO PLAY,,,,,False,,,,,,,,,,,,,,,indoor,not_applicable,Indoor/dome game
2026-09-05T10:39:12.165943+00:00,schedule,17 6 * * 6,33961120017,1,0e180a3a83780b48c1b378920b0a3f94ac7ce103,joint-core-eval-2026.1,098b834330fbd5c8ec066917ac1a9ef23a59e698156e98b9bd67a733f93bf03e,8e34f383605caffc7734fe46c4ae309324759e61300e5a2c72637d989a17dc71,False,True,530.7972342833333,joint-core-weather-context-hgb-v0.1,True,False,True,False,True,False,2026,1,401862694,2026-09-05 19:30:00+00:00,The Citadel,Charlotte,4418.0,Jerry Richardson Stadium,OTHER,46.5,DraftKings,NO PLAY,1.1787829281997164,47.67878292819972,NO PLAY,,,,,False,98.0,79.295,18.705,35.3105033,3.452337276,0.425,1.1615928453000022,-0.00465754950000001,,130.7337132485115,1.880385779434281,,,,ok,not_applicable,Measurable precipitation forecast
2026-09-05T10:39:12.165943+00:00,schedule,17 6 * * 6,33961120017,1,0e180a3a83780b48c1b378920b0a3f94ac7ce103,joint-core-eval-2026.1,098b834330fbd5c8ec066917ac1a9ef23a59e698156e98b9bd67a733f93bf03e,8e34f383605caffc7734fe46c4ae309324759e61300e5a2c72637d989a17dc71,False,True,350.79723428333335,joint-core-weather-context-hgb-v0.1,True,True,True,True,True,True,2026,1,401858207,2026-09-05 16:30:00+00:00,Miami (OH),Pittsburgh,3752.0,Acrisure Stadium,FBS,47.5,DraftKings,NO PLAY,1.1684039757762334,48.66840397577624,NO PLAY,1.7567637602692807,49.25676376026928,1.7567637602692807,0.5883597844930473,False,76.0,73.52857142857144,2.471428571428561,40.4467648,3.452337276,0.05357142857142857,2.6922580297142726,-0.4863182857142855,0.0,155.3104282088858,1.8725163665044011,24.68957179111419,1.4420471920170963,3.136739160857133,ok,ok,Low precipitation chance
2026-09-05T10:39:12.165943+00:00,schedule,17 6 * * 6,33961120017,1,0e180a3a83780b48c1b378920b0a3f94ac7ce103,joint-core-eval-2026.1,098b834330fbd5c8ec066917ac1a9ef23a59e698156e98b9bd67a733f93bf03e,8e34f383605caffc7734fe46c4ae309324759e61300e5a2c72637d989a17dc71,False,True,530.7972342833333,joint-core-weather-context-hgb-v0.1,True,False,True,False,True,False,2026,1,401866627,2026-09-05 19:30:00+00:00,Maine,App State,3792.0,Kidd Brewer Stadium,OTHER,53.5,DraftKings,NO PLAY,1.1665634305307162,54.66656343053072,NO PLAY,,,,,False,81.0,70.59473684210526,10.405263157894737,36.2114267,8.055453644,0.8157894736842105,2.521042721999994,0.07651115999999981,,169.3772439564877,1.8936849561471096,,,,ok,not_applicable,No meaningful precipitation signal
2026-09-05T10:39:12.165943+00:00,schedule,17 6 * * 6,33961120017,1,0e180a3a83780b48c1b378920b0a3f94ac7ce103,joint-core-eval-2026.1,098b834330fbd5c8ec066917ac1a9ef23a59e698156e98b9bd67a733f93bf03e,8e34f383605caffc7734fe46c4ae309324759e61300e5a2c72637d989a17dc71,False,True,740.7972342833333,joint-core-weather-context-hgb-v0.1,True,False,True,False,True,False,2026,1,401868316,2026-09-05 23:00:00+00:00,SE Louisiana,South Alabama,6526.0,Hancock Whitney Stadium,OTHER,52.5,DraftKings,NO PLAY,0.9850618224722736,53.48506182247228,NO PLAY,,,,,False,84.0,81.84545454545454,2.154545454545456,30.696904,4.603116368,0.5,-1.854243185454547,-0.0,,179.67443549010108,1.871118285548042,,,,ok,not_applicable,Low precipitation chance
2026-09-05T10:39:12.165943+00:00,schedule,17 6 * * 6,33961120017,1,0e180a3a83780b48c1b378920b0a3f94ac7ce103,joint-core-eval-2026.1,098b834330fbd5c8ec066917ac1a9ef23a59e698156e98b9bd67a733f93bf03e,8e34f383605caffc7734fe46c4ae309324759e61300e5a2c72637d989a17dc71,False,True,740.7972342833333,joint-core-weather-context-hgb-v0.1,True,True,True,True,True,True,2026,1,401862699,2026-09-05 23:00:00+00:00,Florida International,South Florida,3886.0,Raymond James Stadium,FBS,51.5,DraftKings,NO PLAY,0.9744799844530152,52.47447998445301,NO PLAY,1.839788432279722,53.339788432279725,1.839788432279722,0.8653084478267068,False,85.0,85.26363636363637,-0.26363636363636545,27.9758691,4.603116368,0.20454545454545456,0.3703632656363662,0.41506228045454535,290.0,179.8670498323715,1.8798785257346229,69.86704983237149,4.321849671780893,1.584391274867701,ok,ok,No meaningful precipitation signal
2026-09-05T10:39:12.165943+00:00,schedule,17 6 * * 6,33961120017,1,0e180a3a83780b48c1b378920b0a3f94ac7ce103,joint-core-eval-2026.1,098b834330fbd5c8ec066917ac1a9ef23a59e698156e98b9bd67a733f93bf03e,8e34f383605caffc7734fe46c4ae309324759e61300e5a2c72637d989a17dc71,False,True,860.7972342833333,joint-core-weather-context-hgb-v0.1,True,False,True,False,True,False,2026,1,401870790,2026-09-06 01:00:00+00:00,Mercyhurst,New Mexico State,3601.0,Aggie Memorial Stadium,OTHER,52.5,DraftKings,NO PLAY,0.9501506619811576,53.45015066198116,NO PLAY,,,,,False,89.0,82.15294117647058,6.847058823529423,32.2796202,1.150779092,0.0,-3.7253201025882463,0.27203798000000035,,167.70660090957762,1.87293576159372,,,,ok,not_applicable,No meaningful precipitation signal
2026-09-05T10:39:12.165943+00:00,schedule,17 6 * * 6,33961120017,1,0e180a3a83780b48c1b378920b0a3f94ac7ce103,joint-core-eval-2026.1,098b834330fbd5c8ec066917ac1a9ef23a59e698156e98b9bd67a733f93bf03e,8e34f383605caffc7734fe46c4ae309324759e61300e5a2c72637d989a17dc71,False,True,575.7972342833333,joint-core-weather-context-hgb-v0.1,True,False,True,False,True,False,2026,1,401856635,2026-09-05 20:15:00+00:00,North Alabama,Arkansas,3887.0,Razorback Stadium,OTHER,63.5,DraftKings,NO PLAY,-0.9331324042328388,62.56686759576717,NO PLAY,,,,,False,100.0,82.92272727272727,17.077272727272728,36.0680662,4.603116368,0.25,3.6479315576363534,-0.05340330999999985,,1.0697159752724532,1.8738743549641412,,,,ok,not_applicable,No meaningful precipitation signal
2026-09-05T10:39:12.165943+00:00,schedule,17 6 * * 6,33961120017,1,0e180a3a83780b48c1b378920b0a3f94ac7ce103,joint-core-eval-2026.1,098b834330fbd5c8ec066917ac1a9ef23a59e698156e98b9bd67a733f93bf03e,8e34f383605caffc7734fe46c4ae309324759e61300e5a2c72637d989a17dc71,False,True,530.7972342833333,joint-core-weather-context-hgb-v0.1,True,False,False,False,False,False,2026,1,401862700,2026-09-05 19:30:00+00:00,UT Rio Grande Valley,UTSA,3604.0,Alamodome,OTHER,59.5,DraftKings,NO PLAY,0.9253024372246724,60.42530243722467,NO PLAY,,,,,False,,,,,,,,,,,,,,,indoor,not_applicable,Indoor/dome game
2026-09-05T10:39:12.165943+00:00,schedule,17 6 * * 6,33961120017,1,0e180a3a83780b48c1b378920b0a3f94ac7ce103,joint-core-eval-2026.1,098b834330fbd5c8ec066917ac1a9ef23a59e698156e98b9bd67a733f93bf03e,8e34f383605caffc7734fe46c4ae309324759e61300e5a2c72637d989a17dc71,False,True,740.7972342833333,joint-core-weather-context-hgb-v0.1,True,True,True,True,True,True,2026,1,401870763,2026-09-05 23:00:00+00:00,Sam Houston,Troy,3975.0,Veterans Memorial Stadium (AL),FBS,53.5,DraftKings,NO PLAY,0.901112903910652,54.40111290391065,NO PLAY,1.3808957847651215,54.88089578476512,1.3808957847651215,0.4797828808544695,False,86.0,82.09444444444445,3.9055555555555515,31.7995565,2.301558184,0.19444444444444445,-2.49990197833333,0.19558265833333327,170.0,178.86468964832034,1.8635396059936429,8.864689648320336,0.3546735573939341,2.2740661252529377,ok,ok,Measurable precipitation forecast
2026-09-05T10:39:12.165943+00:00,schedule,17 6 * * 6,33961120017,1,0e180a3a83780b48c1b378920b0a3f94ac7ce103,joint-core-eval-2026.1,098b834330fbd5c8ec066917ac1a9ef23a59e698156e98b9bd67a733f93bf03e,8e34f383605caffc7734fe46c4ae309324759e61300e5a2c72637d989a17dc71,False,True,800.7972342833333,joint-core-weather-context-hgb-v0.1,True,False,True,False,True,False,2026,1,401858427,2026-09-06 00:00:00+00:00,Hampton,Maryland,3665.0,SECU Stadium,OTHER,55.5,DraftKings,NO PLAY,0.88113437896196,56.38113437896196,NO PLAY,,,,,False,76.0,75.74285714285713,0.2571428571428669,38.9903332,3.452337276,0.21428571428571427,0.20521713600000788,-0.2280190400000001,,126.25739709506098,1.882832282509331,,,,ok,not_applicable,No meaningful precipitation signal
2026-09-05T10:39:12.165943+00:00,schedule,17 6 * * 6,33961120017,1,0e180a3a83780b48c1b378920b0a3f94ac7ce103,joint-core-eval-2026.1,098b834330fbd5c8ec066917ac1a9ef23a59e698156e98b9bd67a733f93bf03e,8e34f383605caffc7734fe46c4ae309324759e61300e5a2c72637d989a17dc71,False,True,620.7972342833333,joint-core-weather-context-hgb-v0.1,True,False,True,False,True,False,2026,1,401868356,2026-09-05 21:00:00+00:00,Alcorn State,Southern Miss,3815.0,M. M. Roberts Stadium,OTHER,50.5,DraftKings,NO PLAY,0.8806472934683057,51.38064729346831,NO PLAY,,,,,False,91.0,82.2,8.799999999999997,31.3289321,4.603116368,0.46,-6.461079503999999,0.029368543199999993,,179.84125791146874,1.87297225497886,,,,ok,not_applicable,Measurable precipitation forecast
2026-09-05T10:39:12.165943+00:00,schedule,17 6 * * 6,33961120017,1,0e180a3a83780b48c1b378920b0a3f94ac7ce103,joint-core-eval-2026.1,098b834330fbd5c8ec066917ac1a9ef23a59e698156e98b9bd67a733f93bf03e,8e34f383605caffc7734fe46c4ae309324759e61300e5a2c72637d989a17dc71,False,True,320.79723428333335,joint-core-weather-context-hgb-v0.1,True,False,False,False,False,False,2026,1,401858208,2026-09-05 16:00:00+00:00,New Hampshire,Syracuse,1964.0,JMA Wireless Dome,OTHER,55.5,DraftKings,NO PLAY,0.8525815030561179,56.35258150305612,NO PLAY,,,,,False,,,,,,,,,,,,,,,indoor,not_applicable,Indoor/dome game
2026-09-05T10:39:12.165943+00:00,schedule,17 6 * * 6,33961120017,1,0e180a3a83780b48c1b378920b0a3f94ac7ce103,joint-core-eval-2026.1,098b834330fbd5c8ec066917ac1a9ef23a59e698156e98b9bd67a733f93bf03e,8e34f383605caffc7734fe46c4ae309324759e61300e5a2c72637d989a17dc71,False,True,500.79723428333335,joint-core-weather-context-hgb-v0.1,True,False,True,False,True,False,2026,1,401856658,2026-09-05 19:00:00+00:00,Tennessee State,Georgia,3917.0,Sanford Stadium,OTHER,54.5,DraftKings,NO PLAY,0.8431839314168512,55.34318393141685,NO PLAY,,,,,False,98.0,80.18695652173913,17.813043478260866,33.9498197,2.301558184,0.10869565217391304,-3.7413814687826115,0.08218802347826094,,116.00228184876158,1.87643216054317,,,,ok,not_applicable,No meaningful precipitation signal
2026-09-05T10:39:12.165943+00:00,schedule,17 6 * * 6,33961120017,1,0e180a3a83780b48c1b378920b0a3f94ac7ce103,joint-core-eval-2026.1,098b834330fbd5c8ec066917ac1a9ef23a59e698156e98b9bd67a733f93bf03e,8e34f383605caffc7734fe46c4ae309324759e61300e5a2c72637d989a17dc71,False,True,350.79723428333335,joint-core-weather-context-hgb-v0.1,True,True,True,True,True,True,2026,1,401858432,2026-09-05 16:30:00+00:00,Ball State,Ohio State,3861.0,Ohio Stadium,FBS,56.5,DraftKings,NO PLAY,0.7957857672743083,57.29578576727431,NO PLAY,0.6351241167767889,57.13512411677679,0.6351241167767889,-0.16066165049751935,False,81.0,73.71724137931035,7.282758620689648,40.0016447,4.603116368,0.15517241379310345,7.285154211310338,-0.34494101379310343,320.0,6.93881633242061,1.8734539078532575,46.9388163324206,3.3631519351458707,3.1429109689067074,ok,ok,Low precipitation chance
2026-09-05T10:39:12.165943+00:00,schedule,17 6 * * 6,33961120017,1,0e180a3a83780b48c1b378920b0a3f94ac7ce103,joint-core-eval-2026.1,098b834330fbd5c8ec066917ac1a9ef23a59e698156e98b9bd67a733f93bf03e,8e34f383605caffc7734fe46c4ae309324759e61300e5a2c72637d989a17dc71,False,True,530.7972342833333,joint-core-weather-context-hgb-v0.1,True,False,True,False,True,False,2026,1,401862696,2026-09-05 19:30:00+00:00,Towson,Navy,3852.0,Navy-Marine Corps Memorial Stadium,OTHER,50.5,DraftKings,NO PLAY,0.7957857672743083,51.29578576727431,NO PLAY,,,,,False,80.0,76.175,3.825000000000003,38.9846985,5.75389546,0.175,3.0482943525000024,-0.25900540250000004,,141.12441908981867,1.8797886940252515,,,,ok,not_applicable,No meaningful precipitation signal
2026-09-05T10:39:12.165943+00:00,schedule,17 6 * * 6,33961120017,1,0e180a3a83780b48c1b378920b0a3f94ac7ce103,joint-core-eval-2026.1,098b834330fbd5c8ec066917ac1a9ef23a59e698156e98b9bd67a733f93bf03e,8e34f383605caffc7734fe46c4ae309324759e61300e5a2c72637d989a17dc71,False,True,575.7972342833333,joint-core-weather-context-hgb-v0.1,True,True,True,True,True,True,2026,1,401858426,2026-09-05 20:15:00+00:00,Northern Illinois,Iowa,3793.0,Kinnick Stadium,FBS,44.5,DraftKings,NO PLAY,0.7957857672743083,45.29578576727431,NO PLAY,0.6722007591145813,45.17220075911458,0.6722007591145813,-0.12358500815972695,False,91.0,75.825,15.174999999999997,41.6586045,8.055453644,0.48214285714285715,20.208864657500005,-0.023780730357142857,30.0,0.5400615253611892,1.875230700920845,29.45993847463881,3.9617919855973183,7.0138817835411045,ok,ok,No meaningful precipitation signal
2026-09-05T10:39:12.165943+00:00,schedule,17 6 * * 6,33961120017,1,0e180a3a83780b48c1b378920b0a3f94ac7ce103,joint-core-eval-2026.1,098b834330fbd5c8ec066917ac1a9ef23a59e698156e98b9bd67a733f93bf03e,8e34f383605caffc7734fe46c4ae309324759e61300e5a2c72637d989a17dc71,False,True,770.7972342833333,joint-core-weather-context-hgb-v0.1,True,True,True,True,True,True,2026,1,401856662,2026-09-05 23:30:00+00:00,UL Monroe,Mississippi State,3693.0,Davis Wade Stadium,FBS,54.5,DraftKings,NO PLAY,0.7654433161616556,55.26544331616166,NO PLAY,0.7736411652715671,55.27364116527157,0.7736411652715671,0.008197849109911504,False,96.0,83.98,12.019999999999996,33.4563403,3.452337276,0.42,-3.7109579187999966,0.02469855519999999,170.0,13.41475285157474,1.8730917244299168,23.414752851574747,1.3719042391948302,3.1680453635859376,ok,ok,No meaningful precipitation signal
2026-09-05T10:39:12.165943+00:00,schedule,17 6 * * 6,33961120017,1,0e180a3a83780b48c1b378920b0a3f94ac7ce103,joint-core-eval-2026.1,098b834330fbd5c8ec066917ac1a9ef23a59e698156e98b9bd67a733f93bf03e,8e34f383605caffc7734fe46c4ae309324759e61300e5a2c72637d989a17dc71,False,True,320.79723428333335,joint-core-weather-context-hgb-v0.1,True,True,True,True,True,True,2026,1,401858430,2026-09-05 16:00:00+00:00,Ohio,Nebraska,3834.0,"Memorial Stadium (Lincoln, NE)",FBS,46.5,DraftKings,NO PLAY,0.7627643368599065,47.26276433685991,NO PLAY,0.7036997721777442,47.20369977217774,0.7036997721777442,-0.05906456468216237,False,90.0,74.97142857142856,15.02857142857144,40.820682,4.603116368,0.19642857142857142,17.495307040000007,-0.3533985499999999,160.0,0.3058199391365794,1.8726953197557803,20.30581993913657,1.5974236980264558,4.317049666882812,ok,ok,No meaningful precipitation signal
2026-09-05T10:39:12.165943+00:00,schedule,17 6 * * 6,33961120017,1,0e180a3a83780b48c1b378920b0a3f94ac7ce103,joint-core-eval-2026.1,098b834330fbd5c8ec066917ac1a9ef23a59e698156e98b9bd67a733f93bf03e,8e34f383605caffc7734fe46c4ae309324759e61300e5a2c72637d989a17dc71,False,True,740.7972342833333,joint-core-weather-context-hgb-v0.1,True,False,True,False,True,False,2026,1,401868170,2026-09-05 23:00:00+00:00,Charleston Southern,Georgia Southern,3608.0,Allen E. Paulson Stadium,OTHER,51.5,DraftKings,NO PLAY,0.7627643368599065,52.26276433685991,NO PLAY,,,,,False,91.0,81.36842105263158,9.631578947368425,32.4122471,3.452337276,0.23684210526315788,-4.984829270526315,0.1361975210526315,,91.93284789757364,1.878900064316108,,,,ok,not_applicable,No meaningful precipitation signal
2026-09-05T10:39:12.165943+00:00,schedule,17 6 * * 6,33961120017,1,0e180a3a83780b48c1b378920b0a3f94ac7ce103,joint-core-eval-2026.1,098b834330fbd5c8ec066917ac1a9ef23a59e698156e98b9bd67a733f93bf03e,8e34f383605caffc7734fe46c4ae309324759e61300e5a2c72637d989a17dc71,False,True,680.7972342833333,joint-core-weather-context-hgb-v0.1,True,True,True,True,True,True,2026,1,401860878,2026-09-05 22:00:00+00:00,Wyoming,Colorado State,5388.0,Canvas Stadium,FBS,46.5,DraftKings,NO PLAY,0.7273304765336892,47.22733047653369,NO PLAY,0.7932462615209744,47.29324626152098,0.7932462615209744,0.06591578498728523,False,92.0,76.08,15.920000000000002,40.570015,6.904674552,0.16666666666666666,17.734927759999994,-0.37133433333333327,100.0,0.2539636975341831,1.8750650301655745,80.25396369753419,6.805024716160252,1.168832443716584,ok,ok,No meaningful precipitation signal
2026-09-05T10:39:12.165943+00:00,schedule,17 6 * * 6,33961120017,1,0e180a3a83780b48c1b378920b0a3f94ac7ce103,joint-core-eval-2026.1,098b834330fbd5c8ec066917ac1a9ef23a59e698156e98b9bd67a733f93bf03e,8e34f383605caffc7734fe46c4ae309324759e61300e5a2c72637d989a17dc71,False,True,320.79723428333335,joint-core-weather-context-hgb-v0.1,True,False,True,False,True,False,2026,1,401862701,2026-09-05 16:00:00+00:00,Bryant,Army,3841.0,Michie Stadium,OTHER,50.5,DraftKings,NO PLAY,0.7142930739350536,51.21429307393505,NO PLAY,,,,,False,74.0,72.82105263157894,1.1789473684210634,41.3874924,5.75389546,0.5,1.5061034711579082,0.0,,1.6738855107563233,1.8602172598753768,,,,ok,not_applicable,No meaningful precipitation signal
2026-09-05T10:39:12.165943+00:00,schedule,17 6 * * 6,33961120017,1,0e180a3a83780b48c1b378920b0a3f94ac7ce103,joint-core-eval-2026.1,098b834330fbd5c8ec066917ac1a9ef23a59e698156e98b9bd67a733f93bf03e,8e34f383605caffc7734fe46c4ae309324759e61300e5a2c72637d989a17dc71,False,True,380.79723428333335,joint-core-weather-context-hgb-v0.1,True,False,True,False,True,False,2026,1,401856779,2026-09-05 17:00:00+00:00,Southeast Missouri State,Iowa State,3772.0,Jack Trice Stadium,OTHER,53.5,DraftKings,NO PLAY,0.7142930739350536,54.21429307393505,NO PLAY,,,,,False,89.0,74.26818181818182,14.731818181818184,42.0139977,5.75389546,0.20454545454545456,20.665787768818177,-0.4144635004545453,,179.58495279948036,1.8729320584382128,,,,ok,not_applicable,No meaningful precipitation signal
2026-09-05T10:39:12.165943+00:00,schedule,17 6 * * 6,33961120017,1,0e180a3a83780b48c1b378920b0a3f94ac7ce103,joint-core-eval-2026.1,098b834330fbd5c8ec066917ac1a9ef23a59e698156e98b9bd67a733f93bf03e,8e34f383605caffc7734fe46c4ae309324759e61300e5a2c72637d989a17dc71,False,True,785.7972342833333,joint-core-weather-context-hgb-v0.1,True,True,True,True,True,True,2026,1,401856637,2026-09-05 23:45:00+00:00,Florida Atlantic,Florida,3634.0,Ben Hill Griffin Stadium,FBS,59.5,DraftKings,NO PLAY,0.6959821227400433,60.19598212274004,NO PLAY,0.3037270735772163,59.803727073577214,0.3037270735772163,-0.39225504916282705,False,85.0,81.76666666666667,3.2333333333333343,29.6499357,3.452337276,0.24074074074074073,-3.459708247333334,0.2774107414814815,230.0,0.1453959827347325,1.870455954576616,49.85460401726527,2.6390039532045133,2.2258236233426163,ok,ok,Measurable precipitation forecast
2026-09-05T10:39:12.165943+00:00,schedule,17 6 * * 6,33961120017,1,0e180a3a83780b48c1b378920b0a3f94ac7ce103,joint-core-eval-2026.1,098b834330fbd5c8ec066917ac1a9ef23a59e698156e98b9bd67a733f93bf03e,8e34f383605caffc7734fe46c4ae309324759e61300e5a2c72637d989a17dc71,False,True,2000.7972342833334,joint-core-weather-context-hgb-v0.1,True,True,True,True,True,True,2026,1,401858437,2026-09-06 20:00:00+00:00,Washington State,Washington,3765.0,Husky Stadium,FBS,51.5,DraftKings,NO PLAY,0.6814575774276652,52.18145757742767,NO PLAY,0.7569240238249307,52.25692402382493,0.7569240238249307,0.07546644639726552,False,69.0,68.27857142857142,0.7214285714285751,47.6503235,5.75389546,0.26785714285714285,1.8252609621428662,-0.5873364482142857,340.0,107.60780889275486,1.8826430752236207,52.39219110724514,4.558273261576481,3.5113327722398404,ok,ok,No meaningful precipitation signal
2026-09-05T10:39:12.165943+00:00,schedule,17 6 * * 6,33961120017,1,0e180a3a83780b48c1b378920b0a3f94ac7ce103,joint-core-eval-2026.1,098b834330fbd5c8ec066917ac1a9ef23a59e698156e98b9bd67a733f93bf03e,8e34f383605caffc7734fe46c4ae309324759e61300e5a2c72637d989a17dc71,False,True,530.7972342833333,joint-core-weather-context-hgb-v0.1,True,False,False,False,False,False,2026,1,401864499,2026-09-05 19:30:00+00:00,Fordham,North Dakota State,3714.0,Fargodome,OTHER,56.5,DraftKings,NO PLAY,0.6767771454757576,57.17677714547576,NO PLAY,,,,,False,,,,,,,,,,,,,,,indoor,not_applicable,Indoor/dome game
2026-09-05T10:39:12.165943+00:00,schedule,17 6 * * 6,33961120017,1,0e180a3a83780b48c1b378920b0a3f94ac7ce103,joint-core-eval-2026.1,098b834330fbd5c8ec066917ac1a9ef23a59e698156e98b9bd67a733f93bf03e,8e34f383605caffc7734fe46c4ae309324759e61300e5a2c72637d989a17dc71,False,True,680.7972342833333,joint-core-weather-context-hgb-v0.1,True,False,True,False,True,False,2026,1,401867973,2026-09-05 22:00:00+00:00,Norfolk State,Old Dominion,3918.0,S.B. Ballard Stadium,OTHER,52.5,DraftKings,NO PLAY,0.6767771454757576,53.17677714547576,NO PLAY,,,,,False,81.0,75.91578947368421,5.084210526315786,36.8889533,8.055453644,0.4473684210526316,1.9207672503157853,-0.01988371894736839,,163.67330747164988,1.873750476230905,,,,ok,not_applicable,Measurable precipitation forecast
2026-09-05T10:39:12.165943+00:00,schedule,17 6 * * 6,33961120017,1,0e180a3a83780b48c1b378920b0a3f94ac7ce103,joint-core-eval-2026.1,098b834330fbd5c8ec066917ac1a9ef23a59e698156e98b9bd67a733f93bf03e,8e34f383605caffc7734fe46c4ae309324759e61300e5a2c72637d989a17dc71,False,True,770.7972342833333,joint-core-weather-context-hgb-v0.1,True,True,True,True,True,True,2026,1,401858428,2026-09-05 23:30:00+00:00,Western Michigan,Michigan,3558.0,Michigan Stadium,FBS,49.5,DraftKings,NO PLAY,0.6767771454757576,50.17677714547576,NO PLAY,0.609437930404504,50.1094379304045,0.609437930404504,-0.06733921507125362,False,72.0,70.23823529411764,1.7617647058823565,42.2658365,6.904674552,0.22058823529411764,2.5601388608823576,-0.4060320397058823,40.0,179.19022834932764,1.877367681688747,40.80977165067236,4.512547968827373,5.226034969082043,ok,ok,No meaningful precipitation signal
2026-09-05T10:39:12.165943+00:00,schedule,17 6 * * 6,33961120017,1,0e180a3a83780b48c1b378920b0a3f94ac7ce103,joint-core-eval-2026.1,098b834330fbd5c8ec066917ac1a9ef23a59e698156e98b9bd67a733f93bf03e,8e34f383605caffc7734fe46c4ae309324759e61300e5a2c72637d989a17dc71,False,True,920.7972342833333,joint-core-weather-context-hgb-v0.1,True,False,True,False,True,False,2026,1,401866411,2026-09-06 02:00:00+00:00,Mississippi Valley State,Sacramento State,3757.0,Hornet Stadium,OTHER,56.5,DraftKings,NO PLAY,0.6767771454757576,57.17677714547576,NO PLAY,,,,,False,78.0,77.7159070598749,0.284092940125106,38.5556718,6.904674552,0.4937444146559428,0.2020282511563855,-0.00444856168007148,,,,,,,ok,not_applicable,No meaningful precipitation signal
2026-09-05T10:39:12.165943+00:00,schedule,17 6 * * 6,33961120017,1,0e180a3a83780b48c1b378920b0a3f94ac7ce103,joint-core-eval-2026.1,098b834330fbd5c8ec066917ac1a9ef23a59e698156e98b9bd67a733f93bf03e,8e34f383605caffc7734fe46c4ae309324759e61300e5a2c72637d989a17dc71,False,True,2210.797234283333,joint-core-weather-context-hgb-v0.1,True,False,True,False,True,True,2026,1,401858438,2026-09-06 23:30:00+00:00,Wisconsin,Notre Dame,3798.0,Lambeau Field,FBS,46.5,DraftKings,NO PLAY,-0.6748234644956753,45.825176535504326,NO PLAY,,,,,False,77.0,72.13042688465032,4.869573115349681,44.50131,3.452337276,0.13124432334241598,9.253464747320612,-0.7007323996366936,110.0,,,,,,ok,ok,No meaningful precipitation signal
2026-09-05T10:39:12.165943+00:00,schedule,17 6 * * 6,33961120017,1,0e180a3a83780b48c1b378920b0a3f94ac7ce103,joint-core-eval-2026.1,098b834330fbd5c8ec066917ac1a9ef23a59e698156e98b9bd67a733f93bf03e,8e34f383605caffc7734fe46c4ae309324759e61300e5a2c72637d989a17dc71,False,True,530.7972342833333,joint-core-weather-context-hgb-v0.1,True,True,True,True,True,True,2026,1,401858434,2026-09-05 19:30:00+00:00,Marshall,Penn State,3632.0,Beaver Stadium,FBS,52.5,DraftKings,NO PLAY,0.6666507926144751,53.16665079261448,NO PLAY,0.9017957716554253,53.40179577165542,0.9017957716554253,0.23514497904095022,False,78.0,68.43870967741935,9.561290322580646,40.8121958,4.603116368,0.24193548387096775,11.11441829109677,-0.29998429935483856,10.0,134.97489874241603,1.883079110342328,55.02510125758397,3.771808508720109,2.6385869079672357,ok,ok,No meaningful precipitation signal
2026-09-05T10:39:12.165943+00:00,schedule,17 6 * * 6,33961120017,1,0e180a3a83780b48c1b378920b0a3f94ac7ce103,joint-core-eval-2026.1,098b834330fbd5c8ec066917ac1a9ef23a59e698156e98b9bd67a733f93bf03e,8e34f383605caffc7734fe46c4ae309324759e61300e5a2c72637d989a17dc71,False,True,740.7972342833333,joint-core-weather-context-hgb-v0.1,True,False,True,False,True,False,2026,1,401868140,2026-09-05 23:00:00+00:00,Eastern Kentucky,Jacksonville State,3662.0,AmFirst Stadium,OTHER,53.5,DraftKings,NO PLAY,0.662274771692888,54.162274771692886,NO PLAY,,,,,False,94.0,83.12691867124857,10.873081328751425,33.8201052,2.301558184,0.11168384879725086,-2.5658184239541786,0.09163444151202746,,95.1661003897524,1.881901494980002,,,,ok,not_applicable,No meaningful precipitation signal
2026-09-05T10:39:12.165943+00:00,schedule,17 6 * * 6,33961120017,1,0e180a3a83780b48c1b378920b0a3f94ac7ce103,joint-core-eval-2026.1,098b834330fbd5c8ec066917ac1a9ef23a59e698156e98b9bd67a733f93bf03e,8e34f383605caffc7734fe46c4ae309324759e61300e5a2c72637d989a17dc71,False,True,545.7972342833333,joint-core-weather-context-hgb-v0.1,True,True,True,True,True,True,2026,1,401856772,2026-09-05 19:45:00+00:00,Oklahoma State,Tulsa,3674.0,Chapman Stadium,FBS,59.5,DraftKings,NO PLAY,0.6592344254381203,60.15923442543812,NO PLAY,0.45273127762611654,59.952731277626114,0.45273127762611654,-0.20650314781200374,False,99.0,84.84761904761905,14.152380952380952,36.1489175,4.603116368,0.07142857142857142,3.2519836285714376,-0.09847864285714314,150.0,0.1732174575290248,1.867392374565086,30.173217457529034,2.3135994393241206,3.9794393991752948,ok,ok,No meaningful precipitation signal
2026-09-05T10:39:12.165943+00:00,schedule,17 6 * * 6,33961120017,1,0e180a3a83780b48c1b378920b0a3f94ac7ce103,joint-core-eval-2026.1,098b834330fbd5c8ec066917ac1a9ef23a59e698156e98b9bd67a733f93bf03e,8e34f383605caffc7734fe46c4ae309324759e61300e5a2c72637d989a17dc71,False,True,920.7972342833333,joint-core-weather-context-hgb-v0.1,True,True,True,True,True,True,2026,1,401864498,2026-09-06 02:00:00+00:00,Central Michigan,New Mexico,3971.0,University Stadium (NM),FBS,46.5,DraftKings,NO PLAY,0.6550516658814759,47.15505166588147,NO PLAY,0.7640927905502534,47.26409279055025,0.7640927905502534,0.10904112466877747,False,83.0,79.84444444444445,3.1555555555555515,35.0669479,2.301558184,0.0,0.04225156355555701,-0.006694790000000239,220.0,0.2941823539937301,1.8782909575680844,39.70581764600627,1.4703410941685902,1.7706685576743297,ok,ok,No meaningful precipitation signal
2026-09-05T10:39:12.165943+00:00,schedule,17 6 * * 6,33961120017,1,0e180a3a83780b48c1b378920b0a3f94ac7ce103,joint-core-eval-2026.1,098b834330fbd5c8ec066917ac1a9ef23a59e698156e98b9bd67a733f93bf03e,8e34f383605caffc7734fe46c4ae309324759e61300e5a2c72637d989a17dc71,False,True,740.7972342833333,joint-core-weather-context-hgb-v0.1,True,False,True,False,True,False,2026,1,401856771,2026-09-05 23:00:00+00:00,Nicholls,Kansas State,3636.0,Bill Snyder Family Stadium,OTHER,54.5,DraftKings,NO PLAY,0.6423527554902378,55.14235275549024,NO PLAY,,,,,False,98.0,79.30833333333332,18.691666666666677,39.2020096,5.75389546,0.2708333333333333,15.708512554666664,-0.19259210666666654,,179.96211134775302,1.8747077591906496,,,,ok,not_applicable,No meaningful precipitation signal
2026-09-05T10:39:12.165943+00:00,schedule,17 6 * * 6,33961120017,1,0e180a3a83780b48c1b378920b0a3f94ac7ce103,joint-core-eval-2026.1,098b834330fbd5c8ec066917ac1a9ef23a59e698156e98b9bd67a733f93bf03e,8e34f383605caffc7734fe46c4ae309324759e61300e5a2c72637d989a17dc71,False,True,740.7972342833333,joint-core-weather-context-hgb-v0.1,True,False,True,False,True,False,2026,1,401856770,2026-09-05 23:00:00+00:00,Abilene Christian,Texas Tech,3784.0,Jones AT&T Stadium,OTHER,59.5,DraftKings,NO PLAY,0.6335285829156914,60.133528582915694,NO PLAY,,,,,False,96.0,81.29230769230769,14.707692307692312,33.5910518,9.206232736,0.4807692307692308,-4.144475320615379,0.005419031538461526,,0.0179604069427081,1.8703416113262092,,,,ok,not_applicable,No meaningful precipitation signal
2026-09-05T10:39:12.165943+00:00,schedule,17 6 * * 6,33961120017,1,0e180a3a83780b48c1b378920b0a3f94ac7ce103,joint-core-eval-2026.1,098b834330fbd5c8ec066917ac1a9ef23a59e698156e98b9bd67a733f93bf03e,8e34f383605caffc7734fe46c4ae309324759e61300e5a2c72637d989a17dc71,False,True,320.79723428333335,joint-core-weather-context-hgb-v0.1,True,True,True,True,True,True,2026,1,401856778,2026-09-05 16:00:00+00:00,Oregon State,Houston,4728.0,TDECU Stadium,FBS,50.5,DraftKings,NO PLAY,0.6116471276302916,51.11164712763029,NO PLAY,0.7635057129603916,51.263505712960395,0.7635057129603916,0.1518585853301,False,88.0,85.78947368421052,2.2105263157894797,29.7219885,3.452337276,0.0,-2.3334366631579018,0.5278011500000002,350.0,109.37976140277442,1.878441289678121,60.62023859722558,3.0083223700683193,1.6937028030341195,ok,ok,No meaningful precipitation signal
2026-09-05T10:39:12.165943+00:00,schedule,17 6 * * 6,33961120017,1,0e180a3a83780b48c1b378920b0a3f94ac7ce103,joint-core-eval-2026.1,098b834330fbd5c8ec066917ac1a9ef23a59e698156e98b9bd67a733f93bf03e,8e34f383605caffc7734fe46c4ae309324759e61300e5a2c72637d989a17dc71,False,True,320.79723428333335,joint-core-weather-context-hgb-v0.1,True,False,True,False,True,False,2026,1,401861962,2026-09-05 16:00:00+00:00,Lafayette,UConn,3892.0,Pratt & Whitney Stadium,OTHER,51.5,DraftKings,NO PLAY,0.6048368270309419,52.104836827030944,NO PLAY,,,,,False,75.0,71.5,3.5,41.7595675,6.904674552,0.35714285714285715,4.7316972500000025,-0.1931305000000001,,119.7789378275126,1.882949066254041,,,,ok,not_applicable,No meaningful precipitation signal
2026-09-05T10:39:12.165943+00:00,schedule,17 6 * * 6,33961120017,1,0e180a3a83780b48c1b378920b0a3f94ac7ce103,joint-core-eval-2026.1,098b834330fbd5c8ec066917ac1a9ef23a59e698156e98b9bd67a733f93bf03e,8e34f383605caffc7734fe46c4ae309324759e61300e5a2c72637d989a17dc71,False,True,440.79723428333335,joint-core-weather-context-hgb-v0.1,True,False,True,False,True,False,2026,1,401862698,2026-09-05 18:00:00+00:00,Rhode Island,Temple,3806.0,Lincoln Financial Field,OTHER,51.5,DraftKings,NO PLAY,0.6048368270309419,52.104836827030944,NO PLAY,,,,,False,80.0,76.27499999999999,3.7250000000000085,39.9007995,5.75389546,0.10416666666666667,3.651095627500007,-0.3879799604166665,,171.4589722372333,1.86669638319505,,,,ok,not_applicable,No meaningful precipitation signal
2026-09-05T10:39:12.165943+00:00,schedule,17 6 * * 6,33961120017,1,0e180a3a83780b48c1b378920b0a3f94ac7ce103,joint-core-eval-2026.1,098b834330fbd5c8ec066917ac1a9ef23a59e698156e98b9bd67a733f93bf03e,8e34f383605caffc7734fe46c4ae309324759e61300e5a2c72637d989a17dc71,False,True,740.7972342833333,joint-core-weather-context-hgb-v0.1,True,False,True,False,True,False,2026,1,401867866,2026-09-05 23:00:00+00:00,Murray State,Middle Tennessee,3725.0,"Johnny ""Red"" Floyd Stadium",OTHER,57.5,DraftKings,NO PLAY,0.6048368270309419,58.104836827030944,NO PLAY,,,,,False,96.0,79.15555555555555,16.84444444444445,35.8511463,4.603116368,0.25,2.867417312888901,-0.04255731500000017,,3.638848234499462,1.8720848733706688,,,,ok,not_applicable,No meaningful precipitation signal
2026-09-05T10:39:12.165943+00:00,schedule,17 6 * * 6,33961120017,1,0e180a3a83780b48c1b378920b0a3f94ac7ce103,joint-core-eval-2026.1,098b834330fbd5c8ec066917ac1a9ef23a59e698156e98b9bd67a733f93bf03e,8e34f383605caffc7734fe46c4ae309324759e61300e5a2c72637d989a17dc71,False,True,320.79723428333335,joint-core-weather-context-hgb-v0.1,True,True,True,True,True,True,2026,1,401856634,2026-09-05 16:00:00+00:00,East Carolina,Alabama,3657.0,Bryant-Denny Stadium,FBS,52.5,DraftKings,NO PLAY,0.5827051730991042,53.08270517309911,NO PLAY,0.5013082918774248,53.00130829187742,0.5013082918774248,-0.08139688122167943,False,92.0,83.89285714285714,8.107142857142861,33.2082752,1.150779092,0.23214285714285715,-2.90515378285714,0.095985257142857,350.0,3.2889199922889394,1.8722523245617515,13.288919992288953,0.26451985084810103,1.11996507404992,ok,ok,No meaningful precipitation signal
2026-09-05T10:39:12.165943+00:00,schedule,17 6 * * 6,33961120017,1,0e180a3a83780b48c1b378920b0a3f94ac7ce103,joint-core-eval-2026.1,098b834330fbd5c8ec066917ac1a9ef23a59e698156e98b9bd67a733f93bf03e,8e34f383605caffc7734fe46c4ae309324759e61300e5a2c72637d989a17dc71,False,True,320.79723428333335,joint-core-weather-context-hgb-v0.1,True,True,True,True,True,True,2026,1,401869960,2026-09-05 16:00:00+00:00,Liberty,James Madison,3651.0,Bridgeforth Stadium,FBS,50.5,DraftKings,NO PLAY,0.5778227866988707,51.07782278669887,NO PLAY,0.6282950891111084,51.128295089111106,0.6282950891111084,0.05047230241223777,False,82.0,77.7159070598749,4.284092940125106,38.4352919,5.75389546,0.37667560321715815,2.9434219552117944,-0.0847310602680966,320.0,166.13944926194745,1.873106716791279,26.139449261947448,2.5349210800749495,5.165412673001089,ok,ok,Measurable precipitation forecast
2026-09-05T10:39:12.165943+00:00,schedule,17 6 * * 6,33961120017,1,0e180a3a83780b48c1b378920b0a3f94ac7ce103,joint-core-eval-2026.1,098b834330fbd5c8ec066917ac1a9ef23a59e698156e98b9bd67a733f93bf03e,8e34f383605caffc7734fe46c4ae309324759e61300e5a2c72637d989a17dc71,False,True,770.7972342833333,joint-core-weather-context-hgb-v0.1,True,True,True,True,True,True,2026,1,401856660,2026-09-05 23:30:00+00:00,Clemson,LSU,3958.0,Tiger Stadium (LA),FBS,50.5,DraftKings,NO PLAY,0.5747936125978599,51.07479361259786,NO PLAY,2.028126216861524,52.52812621686152,2.028126216861524,1.4533326042636643,False,84.0,85.69375,-1.6937499999999943,30.412035,2.301558184,0.28125,1.554173143749995,0.20072346875000002,180.0,157.14434181500735,1.8729309057714687,22.85565818499265,0.8939503281552683,2.120854281917658,ok,ok,Measurable precipitation forecast
2026-09-05T10:39:12.165943+00:00,schedule,17 6 * * 6,33961120017,1,0e180a3a83780b48c1b378920b0a3f94ac7ce103,joint-core-eval-2026.1,098b834330fbd5c8ec066917ac1a9ef23a59e698156e98b9bd67a733f93bf03e,8e34f383605caffc7734fe46c4ae309324759e61300e5a2c72637d989a17dc71,False,True,740.7972342833333,joint-core-weather-context-hgb-v0.1,True,True,True,True,True,True,2026,1,401856668,2026-09-05 23:00:00+00:00,Missouri State,Texas A&M,3795.0,Kyle Field,FBS,53.5,DraftKings,NO PLAY,0.5716826079537506,54.07168260795376,NO PLAY,0.7332892522151505,54.23328925221515,0.7332892522151505,0.16160664426139992,False,90.0,86.95652173913044,3.0434782608695627,30.6098891,5.75389546,0.1956521739130435,-2.672241417391302,0.26722414173913045,120.0,141.6503524274865,1.881762059534153,21.650352427486496,2.1228508940565516,5.34797317179246,ok,ok,Measurable precipitation forecast
2026-09-05T10:39:12.165943+00:00,schedule,17 6 * * 6,33961120017,1,0e180a3a83780b48c1b378920b0a3f94ac7ce103,joint-core-eval-2026.1,098b834330fbd5c8ec066917ac1a9ef23a59e698156e98b9bd67a733f93bf03e,8e34f383605caffc7734fe46c4ae309324759e61300e5a2c72637d989a17dc71,False,True,740.7972342833333,joint-core-weather-context-hgb-v0.1,True,False,True,False,True,False,2026,1,401856669,2026-09-05 23:00:00+00:00,Austin Peay,Vanderbilt,3973.0,FirstBank Stadium,OTHER,60.5,DraftKings,NO PLAY,0.5615882644708757,61.06158826447088,NO PLAY,,,,,False,95.0,79.644,15.355999999999995,36.1440455,3.452337276,0.1,3.51359253959999,-0.09152363999999978,,9.553564852765282,1.876443980381165,,,,ok,not_applicable,No meaningful precipitation signal
2026-09-05T10:39:12.165943+00:00,schedule,17 6 * * 6,33961120017,1,0e180a3a83780b48c1b378920b0a3f94ac7ce103,joint-core-eval-2026.1,098b834330fbd5c8ec066917ac1a9ef23a59e698156e98b9bd67a733f93bf03e,8e34f383605caffc7734fe46c4ae309324759e61300e5a2c72637d989a17dc71,False,True,950.7972342833333,joint-core-weather-context-hgb-v0.1,True,True,True,True,True,True,2026,1,401858210,2026-09-06 02:30:00+00:00,UCLA,California,3831.0,California Memorial Stadium,FBS,53.5,DraftKings,NO PLAY,0.5585613927174016,54.0585613927174,NO PLAY,0.6746902156856378,54.17469021568564,0.6746902156856378,0.11612882296823623,False,64.0,67.70952380952382,-3.709523809523816,37.8710434,3.452337276,0.0,-2.13004077009524,-0.2871043399999998,260.0,138.34181520620166,1.873865692828897,58.34181520620166,2.9386100832705995,1.8119612153022098,ok,ok,No meaningful precipitation signal
2026-09-05T10:39:12.165943+00:00,schedule,17 6 * * 6,33961120017,1,0e180a3a83780b48c1b378920b0a3f94ac7ce103,joint-core-eval-2026.1,098b834330fbd5c8ec066917ac1a9ef23a59e698156e98b9bd67a733f93bf03e,8e34f383605caffc7734fe46c4ae309324759e61300e5a2c72637d989a17dc71,False,True,530.7972342833333,joint-core-weather-context-hgb-v0.1,True,True,True,True,True,True,2026,1,401856777,2026-09-05 19:30:00+00:00,Boston College,Cincinnati,3854.0,Nippert Stadium,FBS,50.5,DraftKings,NO PLAY,0.5459645106389721,51.045964510638974,NO PLAY,0.1489775393120439,50.64897753931204,0.1489775393120439,-0.3969869713269282,False,92.0,73.94444444444444,18.055555555555557,39.1312495,6.904674552,0.25,14.918400972222233,-0.20656247500000013,310.0,30.292940242135813,1.8752720884706584,80.29294024213581,6.805818262049895,1.1642029260333218,ok,ok,Measurable precipitation forecast
2026-09-05T10:39:12.165943+00:00,schedule,17 6 * * 6,33961120017,1,0e180a3a83780b48c1b378920b0a3f94ac7ce103,joint-core-eval-2026.1,098b834330fbd5c8ec066917ac1a9ef23a59e698156e98b9bd67a733f93bf03e,8e34f383605caffc7734fe46c4ae309324759e61300e5a2c72637d989a17dc71,False,True,740.7972342833333,joint-core-weather-context-hgb-v0.1,True,False,True,False,True,False,2026,1,401860880,2026-09-05 23:00:00+00:00,Idaho State,Utah State,3905.0,Maverik Stadium,OTHER,62.5,DraftKings,NO PLAY,-0.5421718465648591,61.95782815343514,NO PLAY,,,,,False,83.0,70.55882352941177,12.441176470588232,41.7517394,6.904674552,0.6176470588235294,16.799916271764697,0.15886445647058825,,0.0549949799610065,1.8709093288735417,,,,ok,not_applicable,No meaningful precipitation signal
2026-09-05T10:39:12.165943+00:00,schedule,17 6 * * 6,33961120017,1,0e180a3a83780b48c1b378920b0a3f94ac7ce103,joint-core-eval-2026.1,098b834330fbd5c8ec066917ac1a9ef23a59e698156e98b9bd67a733f93bf03e,8e34f383605caffc7734fe46c4ae309324759e61300e5a2c72637d989a17dc71,False,True,365.79723428333335,joint-core-weather-context-hgb-v0.1,True,True,True,True,True,True,2026,1,401856665,2026-09-05 16:45:00+00:00,Kent State,South Carolina,3994.0,Williams-Brice Stadium,FBS,53.5,DraftKings,NO PLAY,0.5058824682540549,54.00588246825406,NO PLAY,0.8893993784758941,54.38939937847589,0.8893993784758941,0.3835169102218392,False,94.0,80.84814814814816,13.151851851851845,33.9730239,2.301558184,0.24074074074074073,-2.701327504518514,0.05325061259259254,250.0,150.28848240968938,1.8637031902069436,80.28848240968938,2.2685758873255186,0.3882441471324635,ok,ok,No meaningful precipitation signal
2026-09-05T10:39:12.165943+00:00,schedule,17 6 * * 6,33961120017,1,0e180a3a83780b48c1b378920b0a3f94ac7ce103,joint-core-eval-2026.1,098b834330fbd5c8ec066917ac1a9ef23a59e698156e98b9bd67a733f93bf03e,8e34f383605caffc7734fe46c4ae309324759e61300e5a2c72637d989a17dc71,False,True,3650.797234283333,joint-core-weather-context-hgb-v0.1,True,True,True,True,True,True,2026,1,401858212,2026-09-07 23:30:00+00:00,SMU,Florida State,3697.0,Doak Campbell Stadium,FBS,53.5,DraftKings,NO PLAY,0.4820942669393737,53.98209426693937,NO PLAY,-0.004566549027190059,53.49543345097281,0.004566549027190059,-0.48666081596656374,False,81.0,82.95238095238095,-1.952380952380949,30.4381692,3.452337276,0.21428571428571427,1.781286312380949,0.26067604571428565,140.0,135.22482562928116,1.874675346161188,4.775174370718844,0.28739349716915863,3.4403542906282167,ok,ok,Measurable precipitation forecast
2026-09-05T10:39:12.165943+00:00,schedule,17 6 * * 6,33961120017,1,0e180a3a83780b48c1b378920b0a3f94ac7ce103,joint-core-eval-2026.1,098b834330fbd5c8ec066917ac1a9ef23a59e698156e98b9bd67a733f93bf03e,8e34f383605caffc7734fe46c4ae309324759e61300e5a2c72637d989a17dc71,False,True,320.79723428333335,joint-core-weather-context-hgb-v0.1,True,True,True,True,True,True,2026,1,401856780,2026-09-05 16:00:00+00:00,Coastal Carolina,West Virginia,3842.0,Milan Puskar Stadium,FBS,54.5,DraftKings,NO PLAY,0.455701717695326,54.95570171769533,NO PLAY,-0.3127295143620963,54.1872704856379,0.3127295143620963,-0.7684312320574223,False,75.0,72.845,2.155000000000001,39.6502744,3.452337276,0.075,2.0042682664000013,-0.39527332400000004,320.0,151.8391563549951,1.878295656660805,11.839156354995112,0.7082986708012433,3.378897107075072,ok,ok,Precipitation possible
2026-09-05T10:39:12.165943+00:00,schedule,17 6 * * 6,33961120017,1,0e180a3a83780b48c1b378920b0a3f94ac7ce103,joint-core-eval-2026.1,098b834330fbd5c8ec066917ac1a9ef23a59e698156e98b9bd67a733f93bf03e,8e34f383605caffc7734fe46c4ae309324759e61300e5a2c72637d989a17dc71,False,True,320.79723428333335,joint-core-weather-context-hgb-v0.1,True,False,True,False,True,False,2026,1,401866410,2026-09-05 16:00:00+00:00,Tarleton State,Bowling Green,3700.0,Doyt L. Perry Stadium,OTHER,47.5,DraftKings,NO PLAY,0.4506577495120215,47.95065774951202,NO PLAY,,,,,False,75.0,73.10625,1.8937499999999972,41.3780114,9.206232736,0.34375,2.415671817749996,-0.19931285624999995,,0.6758989946279681,1.8752626526061864,,,,ok,not_applicable,No meaningful precipitation signal
2026-09-05T10:39:12.165943+00:00,schedule,17 6 * * 6,33961120017,1,0e180a3a83780b48c1b378920b0a3f94ac7ce103,joint-core-eval-2026.1,098b834330fbd5c8ec066917ac1a9ef23a59e698156e98b9bd67a733f93bf03e,8e34f383605caffc7734fe46c4ae309324759e61300e5a2c72637d989a17dc71,False,True,890.7972342833333,joint-core-weather-context-hgb-v0.1,True,False,True,False,True,False,2026,1,401860879,2026-09-06 01:30:00+00:00,Portland State,San Diego State,7311.0,Snapdragon Stadium,OTHER,62.5,DraftKings,NO PLAY,-0.4328165538078645,62.06718344619213,NO PLAY,,,,,False,82.0,76.3125,5.6875,32.784444,5.75389546,0.0625,-2.520194949999999,0.19386114999999995,,6.698869441656768,1.8807757288763869,,,,ok,not_applicable,No meaningful precipitation signal
2026-09-05T10:39:12.165943+00:00,schedule,17 6 * * 6,33961120017,1,0e180a3a83780b48c1b378920b0a3f94ac7ce103,joint-core-eval-2026.1,098b834330fbd5c8ec066917ac1a9ef23a59e698156e98b9bd67a733f93bf03e,8e34f383605caffc7734fe46c4ae309324759e61300e5a2c72637d989a17dc71,False,True,770.7972342833333,joint-core-weather-context-hgb-v0.1,True,False,True,False,True,False,2026,1,401858211,2026-09-05 23:30:00+00:00,VMI,Virginia Tech,3799.0,Lane Stadium,OTHER,62.5,DraftKings,NO PLAY,0.4217320471075974,62.9217320471076,NO PLAY,,,,,False,79.0,73.01666666666667,5.983333333333334,37.2199873,4.603116368,0.4375,2.6565848023333336,-0.027749841249999997,,177.73372357489274,1.871587088459928,,,,ok,not_applicable,No meaningful precipitation signal
2026-09-05T10:39:12.165943+00:00,schedule,17 6 * * 6,33961120017,1,0e180a3a83780b48c1b378920b0a3f94ac7ce103,joint-core-eval-2026.1,098b834330fbd5c8ec066917ac1a9ef23a59e698156e98b9bd67a733f93bf03e,8e34f383605caffc7734fe46c4ae309324759e61300e5a2c72637d989a17dc71,False,True,530.7972342833333,joint-core-weather-context-hgb-v0.1,True,True,True,True,True,True,2026,1,401858209,2026-09-05 19:30:00+00:00,Tulane,Duke,3982.0,Wallace Wade Stadium,FBS,51.5,DraftKings,NO PLAY,0.4050930391344557,51.90509303913446,NO PLAY,0.8864166323035791,52.38641663230358,0.8864166323035791,0.48132359316912343,False,95.0,78.056,16.944000000000003,35.9953688,4.603116368,0.3,3.373105789440005,-0.03981475200000006,320.0,166.49236575864683,1.8731317423860685,26.492365758646827,2.0533515473057924,4.1197606387418215,ok,ok,Measurable precipitation forecast
2026-09-05T10:39:12.165943+00:00,schedule,17 6 * * 6,33961120017,1,0e180a3a83780b48c1b378920b0a3f94ac7ce103,joint-core-eval-2026.1,098b834330fbd5c8ec066917ac1a9ef23a59e698156e98b9bd67a733f93bf03e,8e34f383605caffc7734fe46c4ae309324759e61300e5a2c72637d989a17dc71,False,True,920.7972342833333,joint-core-weather-context-hgb-v0.1,True,True,True,True,True,True,2026,1,401864497,2026-09-06 02:00:00+00:00,UNLV,Hawai'i,7220.0,Clarence T.C. Ching Athletics Complex,FBS,55.5,DraftKings,NO PLAY,0.3798877279520266,55.87988772795202,NO PLAY,-0.7295838804791818,54.77041611952082,0.7295838804791818,-1.1094716084312084,False,86.0,79.01111111111112,6.98888888888888,21.294294,17.26168638,0.5,-19.15753127555553,-0.0,60.0,137.87542117088435,1.8754258424432992,77.87542117088435,16.8766338138672,3.6256099892448055,ok,ok,No meaningful precipitation signal
2026-09-05T10:39:12.165943+00:00,schedule,17 6 * * 6,33961120017,1,0e180a3a83780b48c1b378920b0a3f94ac7ce103,joint-core-eval-2026.1,098b834330fbd5c8ec066917ac1a9ef23a59e698156e98b9bd67a733f93bf03e,8e34f383605caffc7734fe46c4ae309324759e61300e5a2c72637d989a17dc71,False,True,380.79723428333335,joint-core-weather-context-hgb-v0.1,True,False,True,False,True,False,2026,1,401864496,2026-09-05 17:00:00+00:00,Duquesne,Air Force,3713.0,Falcon Stadium,OTHER,57.5,DraftKings,NO PLAY,0.3535199679909518,57.85351996799096,NO PLAY,,,,,False,81.0,70.68888888888888,10.311111111111117,38.9969701,6.904674552,0.3055555555555556,8.24264056177778,-0.15543772611111104,,0.3990833719262536,1.8695725154492429,,,,ok,not_applicable,No meaningful precipitation signal
2026-09-05T10:39:12.165943+00:00,schedule,17 6 * * 6,33961120017,1,0e180a3a83780b48c1b378920b0a3f94ac7ce103,joint-core-eval-2026.1,098b834330fbd5c8ec066917ac1a9ef23a59e698156e98b9bd67a733f93bf03e,8e34f383605caffc7734fe46c4ae309324759e61300e5a2c72637d989a17dc71,False,True,530.7972342833333,joint-core-weather-context-hgb-v0.1,True,True,True,True,True,True,2026,1,401856667,2026-09-05 19:30:00+00:00,Texas State,Texas,3910.0,DKR-Texas Memorial Stadium,FBS,59.5,DraftKings,NO PLAY,0.3483057158473456,59.84830571584735,NO PLAY,-0.19299559494596183,59.30700440505404,0.19299559494596183,-0.5413013107933075,False,96.0,88.78666666666666,7.213333333333338,30.2836813,4.603116368,0.35,-6.804075777866669,0.14148956099999999,130.0,5.163332994368684,1.8711227860024429,55.16333299436869,3.7781633773631955,2.6294793764738005,ok,ok,No meaningful precipitation signal
2026-09-05T10:39:12.165943+00:00,schedule,17 6 * * 6,33961120017,1,0e180a3a83780b48c1b378920b0a3f94ac7ce103,joint-core-eval-2026.1,098b834330fbd5c8ec066917ac1a9ef23a59e698156e98b9bd67a733f93bf03e,8e34f383605caffc7734fe46c4ae309324759e61300e5a2c72637d989a17dc71,False,True,440.79723428333335,joint-core-weather-context-hgb-v0.1,True,False,True,False,True,False,2026,1,401866624,2026-09-05 18:00:00+00:00,Sacred Heart,Monmouth,5389.0,Kessler Stadium,FCS,58.5,DraftKings,NO PLAY,0.3367841346585671,58.836784134658565,NO PLAY,,,,,False,79.0,72.13042688465032,6.869573115349681,40.278953,4.603116368,0.19118982742960944,7.252830721198912,-0.3260388773841963,,,,,,,ok,not_applicable,No meaningful precipitation signal
2026-09-05T10:39:12.165943+00:00,schedule,17 6 * * 6,33961120017,1,0e180a3a83780b48c1b378920b0a3f94ac7ce103,joint-core-eval-2026.1,098b834330fbd5c8ec066917ac1a9ef23a59e698156e98b9bd67a733f93bf03e,8e34f383605caffc7734fe46c4ae309324759e61300e5a2c72637d989a17dc71,False,True,380.79723428333335,joint-core-weather-context-hgb-v0.1,True,False,True,False,True,False,2026,1,401856659,2026-09-05 17:00:00+00:00,Youngstown State,Kentucky,3683.0,Kroger Field,OTHER,62.5,DraftKings,NO PLAY,-0.3182970429974126,62.181702957002585,NO PLAY,,,,,False,91.0,76.81935483870969,14.180645161290315,38.0220905,6.904674552,0.20967741935483872,8.571038605161279,-0.175476222580645,,121.27946965242243,1.8797781730267784,,,,ok,not_applicable,No meaningful precipitation signal
2026-09-05T10:39:12.165943+00:00,schedule,17 6 * * 6,33961120017,1,0e180a3a83780b48c1b378920b0a3f94ac7ce103,joint-core-eval-2026.1,098b834330fbd5c8ec066917ac1a9ef23a59e698156e98b9bd67a733f93bf03e,8e34f383605caffc7734fe46c4ae309324759e61300e5a2c72637d989a17dc71,False,True,800.7972342833333,joint-core-weather-context-hgb-v0.1,True,False,True,False,True,False,2026,1,401869142,2026-09-06 00:00:00+00:00,Lamar,Louisiana,3666.0,Cajun Field,OTHER,48.5,DraftKings,NO PLAY,0.2887743926882287,48.78877439268823,NO PLAY,,,,,False,82.0,83.35263157894737,-1.352631578947367,30.2158434,1.150779092,0.18421052631578946,1.2942402591578932,0.30215725894736833,,141.9710608082338,1.8745272957141057,,,,ok,not_applicable,No meaningful precipitation signal
2026-09-05T10:39:12.165943+00:00,schedule,17 6 * * 6,33961120017,1,0e180a3a83780b48c1b378920b0a3f94ac7ce103,joint-core-eval-2026.1,098b834330fbd5c8ec066917ac1a9ef23a59e698156e98b9bd67a733f93bf03e,8e34f383605caffc7734fe46c4ae309324759e61300e5a2c72637d989a17dc71,False,True,740.7972342833333,joint-core-weather-context-hgb-v0.1,True,True,True,True,True,True,2026,1,401862695,2026-09-05 23:00:00+00:00,Arkansas State,Memphis,3805.0,Simmons Bank Liberty Stadium,FBS,53.5,DraftKings,NO PLAY,0.2586674550352499,53.75866745503525,NO PLAY,0.24939928137651707,53.74939928137652,0.24939928137651707,-0.009268173658732837,False,98.0,81.20416666666667,16.795833333333334,35.1209429,4.603116368,0.1875,0.4062673582500096,-0.007558931250000178,100.0,144.6272372247887,1.874840116984965,44.6272372247887,3.2336499197383897,3.2760019068867186,ok,ok,No meaningful precipitation signal
2026-09-05T10:39:12.165943+00:00,schedule,17 6 * * 6,33961120017,1,0e180a3a83780b48c1b378920b0a3f94ac7ce103,joint-core-eval-2026.1,098b834330fbd5c8ec066917ac1a9ef23a59e698156e98b9bd67a733f93bf03e,8e34f383605caffc7734fe46c4ae309324759e61300e5a2c72637d989a17dc71,False,True,800.7972342833333,joint-core-weather-context-hgb-v0.1,True,False,True,False,True,False,2026,1,401858431,2026-09-06 00:00:00+00:00,South Dakota State,Northwestern,5960.0,Lanny and Sharon Martin Stadium,OTHER,46.5,DraftKings,NO PLAY,0.2541545234163602,46.75415452341636,NO PLAY,,,,,False,72.0,72.13042688465032,-0.13042688465031915,42.058246,13.809349104,0.8878292461398728,-0.18411700737511524,0.5474788450499543,,,,,,,ok,not_applicable,No meaningful precipitation signal
2026-09-05T10:39:12.165943+00:00,schedule,17 6 * * 6,33961120017,1,0e180a3a83780b48c1b378920b0a3f94ac7ce103,joint-core-eval-2026.1,098b834330fbd5c8ec066917ac1a9ef23a59e698156e98b9bd67a733f93bf03e,8e34f383605caffc7734fe46c4ae309324759e61300e5a2c72637d989a17dc71,False,True,320.79723428333335,joint-core-weather-context-hgb-v0.1,True,True,True,True,True,True,2026,1,401858425,2026-09-05 16:00:00+00:00,North Texas,Indiana,3830.0,"Memorial Stadium (Bloomington, IN)",FBS,56.5,DraftKings,NO PLAY,0.246791227436368,56.74679122743637,NO PLAY,0.6450920246335222,57.14509202463352,0.6450920246335222,0.3983007971971542,False,88.0,75.57777777777777,12.422222222222231,39.1808959,4.603116368,0.2777777777777778,10.38720359155557,-0.1858175955555557,280.0,0.2711403258881309,1.8867420585374264,80.27114032588813,4.536916542094198,0.7778615477201202,ok,ok,No meaningful precipitation signal
2026-09-05T10:39:12.165943+00:00,schedule,17 6 * * 6,33961120017,1,0e180a3a83780b48c1b378920b0a3f94ac7ce103,joint-core-eval-2026.1,098b834330fbd5c8ec066917ac1a9ef23a59e698156e98b9bd67a733f93bf03e,8e34f383605caffc7734fe46c4ae309324759e61300e5a2c72637d989a17dc71,False,True,530.7972342833333,joint-core-weather-context-hgb-v0.1,True,True,True,True,True,True,2026,1,401858433,2026-09-05 19:30:00+00:00,Boise State,Oregon,3626.0,Autzen Stadium,FBS,51.5,DraftKings,NO PLAY,0.2092258706544209,51.70922587065442,NO PLAY,0.740452124138569,52.24045212413857,0.740452124138569,0.5312262534841481,False,63.0,73.29130434782608,-10.291304347826085,44.0582712,2.301558184,0.06521739130434782,-18.64428515686956,-0.787675756521739,320.0,105.36120059178636,1.8804881306402732,34.63879940821364,1.3082080289861702,1.8936107908526234,ok,ok,No meaningful precipitation signal
2026-09-05T10:39:12.165943+00:00,schedule,17 6 * * 6,33961120017,1,0e180a3a83780b48c1b378920b0a3f94ac7ce103,joint-core-eval-2026.1,098b834330fbd5c8ec066917ac1a9ef23a59e698156e98b9bd67a733f93bf03e,8e34f383605caffc7734fe46c4ae309324759e61300e5a2c72637d989a17dc71,False,True,530.7972342833333,joint-core-weather-context-hgb-v0.1,True,False,True,False,True,False,2026,1,401856666,2026-09-05 19:30:00+00:00,Furman,Tennessee,3853.0,Neyland Stadium,OTHER,66.5,DraftKings,NO PLAY,0.1486903903016763,66.64869039030168,NO PLAY,,,,,False,95.0,79.78,15.219999999999999,35.9550131,2.301558184,0.22,2.907059876400006,-0.05348073360000012,,143.33976209110023,1.8809552948639368,,,,ok,not_applicable,Measurable precipitation forecast
2026-09-05T10:39:12.165943+00:00,schedule,17 6 * * 6,33961120017,1,0e180a3a83780b48c1b378920b0a3f94ac7ce103,joint-core-eval-2026.1,098b834330fbd5c8ec066917ac1a9ef23a59e698156e98b9bd67a733f93bf03e,8e34f383605caffc7734fe46c4ae309324759e61300e5a2c72637d989a17dc71,False,True,950.7972342833333,joint-core-weather-context-hgb-v0.1,True,True,True,True,True,True,2026,1,401864432,2026-09-06 02:30:00+00:00,Western Kentucky,Nevada,3816.0,Mackay Stadium,FBS,51.5,DraftKings,NO PLAY,0.1166922941710121,51.61669229417101,NO PLAY,-0.6129561909426131,50.88704380905739,0.6129561909426131,-0.7296484851136252,False,69.0,79.08823529411765,-10.088235294117652,39.5469459,11.50779092,0.5588235294117647,-9.174132021764706,0.05349348117647057,250.0,141.30091289789323,1.8779851130915732,71.30091289789323,10.90035661802228,3.6893735861758867,ok,ok,No meaningful precipitation signal
2026-09-05T10:39:12.165943+00:00,schedule,17 6 * * 6,33961120017,1,0e180a3a83780b48c1b378920b0a3f94ac7ce103,joint-core-eval-2026.1,098b834330fbd5c8ec066917ac1a9ef23a59e698156e98b9bd67a733f93bf03e,8e34f383605caffc7734fe46c4ae309324759e61300e5a2c72637d989a17dc71,False,True,770.7972342833333,joint-core-weather-context-hgb-v0.1,True,False,True,False,True,False,2026,1,401869129,2026-09-05 23:30:00+00:00,Northwestern State,Louisiana Tech,3776.0,Joe Aillet Stadium,OTHER,55.5,DraftKings,NO PLAY,0.0361856488790369,55.53618564887904,NO PLAY,,,,,False,89.0,82.93125,6.068749999999994,32.5321487,3.452337276,0.34375,-2.9953545153749968,0.07712035312499999,,149.5693954975929,1.864809988113188,,,,ok,not_applicable,Measurable precipitation forecast
2026-09-05T10:39:12.165943+00:00,schedule,17 6 * * 6,33961120017,1,0e180a3a83780b48c1b378920b0a3f94ac7ce103,joint-core-eval-2026.1,098b834330fbd5c8ec066917ac1a9ef23a59e698156e98b9bd67a733f93bf03e,8e34f383605caffc7734fe46c4ae309324759e61300e5a2c72637d989a17dc71,False,True,2210.797234283333,joint-core-weather-context-hgb-v0.1,True,True,True,True,True,True,2026,1,401856661,2026-09-06 23:30:00+00:00,Louisville,Ole Miss,3810.0,Nissan Stadium,FBS,54.5,DraftKings,NO PLAY,-0.0149235224266065,54.485076477573394,NO PLAY,1.2676394958345056,55.76763949583451,1.2676394958345056,1.282563018261112,False,89.0,82.3,6.700000000000003,36.166479,11.50779092,0.8125,1.563081860000004,0.07290493750000016,20.0,155.52571735450044,1.8739074256212769,44.47428264549956,8.062232301911882,8.211556622738657,ok,ok,No meaningful precipitation signal
2026-09-05T10:39:12.165943+00:00,schedule,17 6 * * 6,33961120017,1,0e180a3a83780b48c1b378920b0a3f94ac7ce103,joint-core-eval-2026.1,098b834330fbd5c8ec066917ac1a9ef23a59e698156e98b9bd67a733f93bf03e,8e34f383605caffc7734fe46c4ae309324759e61300e5a2c72637d989a17dc71,False,True,890.7972342833333,joint-core-weather-context-hgb-v0.1,True,False,True,False,True,False,2026,1,401856773,2026-09-06 01:30:00+00:00,Northern Arizona,Arizona,3619.0,Arizona Stadium,OTHER,58.5,DraftKings,NO PLAY,-0.0052544505251489,58.49474554947485,NO PLAY,,,,,False,94.0,85.82083333333333,8.179166666666674,32.2288054,8.055453644,0.4791666666666667,-4.533212499833339,0.01154664416666666,,179.81549241343362,1.8740699867497876,,,,ok,not_applicable,No meaningful precipitation signal
2026-09-05T10:39:12.165943+00:00,schedule,17 6 * * 6,33961120017,1,0e180a3a83780b48c1b378920b0a3f94ac7ce103,joint-core-eval-2026.1,098b834330fbd5c8ec066917ac1a9ef23a59e698156e98b9bd67a733f93bf03e,8e34f383605caffc7734fe46c4ae309324759e61300e5a2c72637d989a17dc71,False,True,260.79723428333335,joint-core-weather-context-hgb-v0.1,True,False,False,False,True,False,2026,1,401868284,2026-09-05 15:00:00+00:00,Webber International,Stetson,4416.0,Spec Martin Municipal Stadium,OTHER,,missing,NO LINE,,,NO LINE,,,,,False,,84.28498023715414,,29.0208575,,,,,,,,,,,,not_applicable,
2026-09-05T10:39:12.165943+00:00,schedule,17 6 * * 6,33961120017,1,0e180a3a83780b48c1b378920b0a3f94ac7ce103,joint-core-eval-2026.1,098b834330fbd5c8ec066917ac1a9ef23a59e698156e98b9bd67a733f93bf03e,8e34f383605caffc7734fe46c4ae309324759e61300e5a2c72637d989a17dc71,False,True,320.79723428333335,joint-core-weather-context-hgb-v0.1,True,False,False,False,True,False,2026,1,401867928,2026-09-05 16:00:00+00:00,Southern Connecticut State,Wagner,3979.0,Wagner College Stadium,OTHER,,missing,NO LINE,,,NO LINE,,,,,False,,72.13042688465032,,40.614688,,,,,,,,,,,,not_applicable,
2026-09-05T10:39:12.165943+00:00,schedule,17 6 * * 6,33961120017,1,0e180a3a83780b48c1b378920b0a3f94ac7ce103,joint-core-eval-2026.1,098b834330fbd5c8ec066917ac1a9ef23a59e698156e98b9bd67a733f93bf03e,8e34f383605caffc7734fe46c4ae309324759e61300e5a2c72637d989a17dc71,False,True,650.7972342833333,joint-core-weather-context-hgb-v0.1,True,False,False,False,True,False,2026,1,401868345,2026-09-05 21:30:00+00:00,Tusculum,East Tennessee State,5400.0,William B. Greene Jr. Stadium,OTHER,,missing,NO LINE,,,NO LINE,,,,,False,,77.7159070598749,,36.299084,,,,,,,,,,,,not_applicable,
2026-09-05T10:39:12.165943+00:00,schedule,17 6 * * 6,33961120017,1,0e180a3a83780b48c1b378920b0a3f94ac7ce103,joint-core-eval-2026.1,098b834330fbd5c8ec066917ac1a9ef23a59e698156e98b9bd67a733f93bf03e,8e34f383605caffc7734fe46c4ae309324759e61300e5a2c72637d989a17dc71,False,True,680.7972342833333,joint-core-weather-context-hgb-v0.1,True,False,False,False,True,False,2026,1,401868325,2026-09-05 22:00:00+00:00,Lane College,Alabama State,4582.0,Hornet Stadium,OTHER,,missing,NO LINE,,,NO LINE,,,,,False,,83.12691867124857,,32.3642223,,,,,,,,,,,,not_applicable,
2026-09-05T10:39:12.165943+00:00,schedule,17 6 * * 6,33961120017,1,0e180a3a83780b48c1b378920b0a3f94ac7ce103,joint-core-eval-2026.1,098b834330fbd5c8ec066917ac1a9ef23a59e698156e98b9bd67a733f93bf03e,8e34f383605caffc7734fe46c4ae309324759e61300e5a2c72637d989a17dc71,False,True,680.7972342833333,joint-core-weather-context-hgb-v0.1,True,False,False,False,True,False,2026,1,401867978,2026-09-05 22:00:00+00:00,Elizabeth City State,North Carolina Central,3862.0,O'Kelly-Riddick Stadium,OTHER,,missing,NO LINE,,,NO LINE,,,,,False,,77.7159070598749,,35.9738646,,,,,,,,,,,,not_applicable,
2026-09-05T10:39:12.165943+00:00,schedule,17 6 * * 6,33961120017,1,0e180a3a83780b48c1b378920b0a3f94ac7ce103,joint-core-eval-2026.1,098b834330fbd5c8ec066917ac1a9ef23a59e698156e98b9bd67a733f93bf03e,8e34f383605caffc7734fe46c4ae309324759e61300e5a2c72637d989a17dc71,False,True,680.7972342833333,joint-core-weather-context-hgb-v0.1,True,False,False,False,True,False,2026,1,401867917,2026-09-05 22:00:00+00:00,West Virginia State,Robert Morris,3777.0,Joe Walton Stadium,OTHER,,missing,NO LINE,,,NO LINE,,,,,False,,72.13042688465032,,40.521046,,,,,,,,,,,,not_applicable,
2026-09-05T10:39:12.165943+00:00,schedule,17 6 * * 6,33961120017,1,0e180a3a83780b48c1b378920b0a3f94ac7ce103,joint-core-eval-2026.1,098b834330fbd5c8ec066917ac1a9ef23a59e698156e98b9bd67a733f93bf03e,8e34f383605caffc7734fe46c4ae309324759e61300e5a2c72637d989a17dc71,False,True,740.7972342833333,joint-core-weather-context-hgb-v0.1,True,False,False,False,True,False,2026,1,401869136,2026-09-05 23:00:00+00:00,Texas Wesleyan,McNeese,3686.0,Cowboy Stadium,OTHER,,missing,NO LINE,,,NO LINE,,,,,False,,83.12691867124857,,30.1804575,,,,,,,,,,,,not_applicable,
2026-09-05T10:39:12.165943+00:00,schedule,17 6 * * 6,33961120017,1,0e180a3a83780b48c1b378920b0a3f94ac7ce103,joint-core-eval-2026.1,098b834330fbd5c8ec066917ac1a9ef23a59e698156e98b9bd67a733f93bf03e,8e34f383605caffc7734fe46c4ae309324759e61300e5a2c72637d989a17dc71,False,True,740.7972342833333,joint-core-weather-context-hgb-v0.1,True,False,False,False,True,False,2026,1,401868970,2026-09-05 23:00:00+00:00,Kentucky State,Southern,3599.0,Ace W. Mumford Stadium,OTHER,,missing,NO LINE,,,NO LINE,,,,,False,,83.12691867124857,,30.5221461,,,,,,,,,,,,not_applicable,
2026-09-05T10:39:12.165943+00:00,schedule,17 6 * * 6,33961120017,1,0e180a3a83780b48c1b378920b0a3f94ac7ce103,joint-core-eval-2026.1,098b834330fbd5c8ec066917ac1a9ef23a59e698156e98b9bd67a733f93bf03e,8e34f383605caffc7734fe46c4ae309324759e61300e5a2c72637d989a17dc71,False,True,740.7972342833333,joint-core-weather-context-hgb-v0.1,True,False,False,False,True,False,2026,1,401868953,2026-09-05 23:00:00+00:00,Central State,Grambling,3902.0,Eddie Robinson Stadium,OTHER,,missing,NO LINE,,,NO LINE,,,,,False,,83.12691867124857,,32.5258665,,,,,,,,,,,,not_applicable,
2026-09-05T10:39:12.165943+00:00,schedule,17 6 * * 6,33961120017,1,0e180a3a83780b48c1b378920b0a3f94ac7ce103,joint-core-eval-2026.1,098b834330fbd5c8ec066917ac1a9ef23a59e698156e98b9bd67a733f93bf03e,8e34f383605caffc7734fe46c4ae309324759e61300e5a2c72637d989a17dc71,False,True,740.7972342833333,joint-core-weather-context-hgb-v0.1,True,False,False,False,True,False,2026,1,401868297,2026-09-05 23:00:00+00:00,Miles,Alabama A&M,3809.0,Louis Crews Stadium,OTHER,,missing,NO LINE,,,NO LINE,,,,,False,,83.12691867124857,,34.7835363,,,,,,,,,,,,not_applicable,
2026-09-05T10:39:12.165943+00:00,schedule,17 6 * * 6,33961120017,1,0e180a3a83780b48c1b378920b0a3f94ac7ce103,joint-core-eval-2026.1,098b834330fbd5c8ec066917ac1a9ef23a59e698156e98b9bd67a733f93bf03e,8e34f383605caffc7734fe46c4ae309324759e61300e5a2c72637d989a17dc71,False,True,740.7972342833333,joint-core-weather-context-hgb-v0.1,True,False,False,False,True,False,2026,1,401868958,2026-09-05 23:00:00+00:00,Edward Waters,Jackson State,3976.0,Mississippi Veterans Memorial Stadium,OTHER,,missing,NO LINE,,,NO LINE,,,,,False,,83.12691867124857,,32.3300053,,,,,,,,,,,,not_applicable,
2026-09-05T10:39:12.165943+00:00,schedule,17 6 * * 6,33961120017,1,0e180a3a83780b48c1b378920b0a3f94ac7ce103,joint-core-eval-2026.1,098b834330fbd5c8ec066917ac1a9ef23a59e698156e98b9bd67a733f93bf03e,8e34f383605caffc7734fe46c4ae309324759e61300e5a2c72637d989a17dc71,False,True,800.7972342833333,joint-core-weather-context-hgb-v0.1,True,False,False,False,True,False,2026,1,401868074,2026-09-06 00:00:00+00:00,Central Washington,Cal Poly,1027.0,Alex G. Spanos Stadium,OTHER,,missing,NO LINE,,,NO LINE,,,,,False,,77.7159070598749,,35.2984123,,,,,,,,,,,,not_applicable,
