model,threshold,line_provider,games,graded,wins,losses,pushes,hit_rate,hit_rate_minus_breakeven,hit_rate_wilson_low,hit_rate_wilson_high,net_units_1u_each,roi_per_1u,avg_market_residual,avg_abs_pred_edge
elastic_net,1.5,Bovada,177,177,87,90,0,0.4915254237288136,-0.032284100080710254,0.41884097312711865,0.5645699234807415,-10.909090909090907,-0.06163328197226501,1.5960451977401129,2.6013298092178228
elastic_net,1.5,Caesars,1,1,0,1,0,0.0,-0.5238095238095238,0.0,0.7934567085261071,-1.0,-1.0,-9.0,2.414922670936556
elastic_net,1.5,Caesars Sportsbook (Colorado),29,29,16,13,0,0.5517241379310345,0.02791461412151064,0.37547667068067625,0.715870888512542,1.5454545454545454,0.05329153605015674,4.844827586206897,2.3211195013145
elastic_net,1.5,DraftKings,876,859,481,378,17,0.559953434225844,0.036143910416320146,0.5265634868584065,0.5928095243640473,59.272727272727266,0.0690020107947931,0.4925799086757991,2.7522330948812703
elastic_net,1.5,ESPN Bet,440,440,215,225,0,0.48863636363636365,-0.03517316017316019,0.4422295908483977,0.535239848699405,-29.54545454545454,-0.0671487603305785,0.4659090909090909,2.6703273266008125
elastic_net,1.5,William Hill (New Jersey),249,247,121,126,2,0.4898785425101215,-0.03393098129940236,0.42816945692424674,0.5518976451832187,-15.999999999999996,-0.06477732793522266,0.8132530120481928,2.1282352537792604
elastic_net,1.5,consensus,2619,2585,1308,1277,34,0.5059961315280465,-0.01781339228147738,0.4867278605047907,0.5252466071490046,-87.9090909090909,-0.034007385264638645,-0.021382206949217258,3.1794201516201297
elastic_net,1.5,numberfire,1,1,0,1,0,0.0,-0.5238095238095238,0.0,0.7934567085261071,-1.0,-1.0,69.0,1.7709579142722212
elastic_net,1.5,teamrankings,556,548,262,286,8,0.4781021897810219,-0.04570733402850191,0.43657682232417583,0.5199324368545449,-47.81818181818181,-0.08725945587259455,0.26258992805755393,4.713551272321739
elastic_net,2.5,Bovada,76,76,38,38,0,0.5,-0.023809523809523836,0.3903240360982663,0.6096759639017337,-3.4545454545454533,-0.045454545454545435,-0.39473684210526316,3.508478173458304
elastic_net,2.5,Caesars Sportsbook (Colorado),12,12,6,6,0,0.5,-0.023809523809523836,0.2537781703934222,0.7462218296065778,-0.5454545454545456,-0.04545454545454547,9.791666666666666,2.8184908183815094
elastic_net,2.5,DraftKings,363,357,198,159,6,0.5546218487394958,0.03081232492997199,0.5027555362427368,0.6053251285143201,21.000000000000004,0.05882352941176472,-0.5344352617079889,3.90133907040713
elastic_net,2.5,ESPN Bet,81,81,49,32,0,0.6049382716049383,0.08112874779541446,0.4960527758726388,0.7043206258548158,12.545454545454547,0.1548821548821549,3.1296296296296298,6.234385289348166
elastic_net,2.5,William Hill (New Jersey),49,48,23,25,1,0.4791666666666667,-0.04464285714285715,0.34471090015787464,0.6167100436401562,-4.09090909090909,-0.08522727272727271,2.4183673469387754,2.8045375030858826
elastic_net,2.5,consensus,1531,1511,746,765,20,0.4937127729980146,-0.030096750811509254,0.4685514717915452,0.5189059627019358,-86.81818181818181,-0.057457433367426744,-0.20738079686479424,4.03845654141567
elastic_net,2.5,teamrankings,417,411,201,210,6,0.48905109489051096,-0.034758428919012874,0.44104842533222754,0.537256546975275,-27.272727272727273,-0.06635700066357,0.7158273381294964,5.630950764064711
elastic_net,3.5,Bovada,26,26,17,9,0,0.6538461538461539,0.13003663003663002,0.46220229009632996,0.8058798502714787,6.454545454545454,0.24825174825174823,4.480769230769231,4.625289601258934
elastic_net,3.5,DraftKings,126,124,67,57,2,0.5403225806451613,0.01651305683563742,0.4527104848592219,0.6255113146176308,3.9090909090909083,0.031524926686217,-0.626984126984127,5.807268936777959
elastic_net,3.5,ESPN Bet,25,25,15,10,0,0.6,0.07619047619047614,0.40739127785127344,0.7659694233580909,3.636363636363636,0.14545454545454542,-1.54,14.017738994741592
elastic_net,3.5,William Hill (New Jersey),3,3,1,2,0,0.3333333333333333,-0.19047619047619052,0.0614903152761605,0.7923450448735121,-1.0909090909090908,-0.3636363636363636,2.8333333333333335,3.7504882315861607
elastic_net,3.5,consensus,823,812,389,423,11,0.479064039408867,-0.04474548440065684,0.44488237818662796,0.5134428653410371,-69.36363636363635,-0.08542319749216298,-0.07168894289185905,4.9698153132546965
elastic_net,3.5,teamrankings,310,304,159,145,6,0.5230263157894737,-0.0007832080200501634,0.466942441478112,0.5785354926282595,-0.45454545454545503,-0.0014952153110047862,0.45483870967741935,6.5336364122911235
elastic_net,5.0,Bovada,5,5,3,2,0,0.6,0.07619047619047614,0.23071993220883708,0.8823817688407467,0.7272727272727271,0.14545454545454542,2.1,6.996744746305867
elastic_net,5.0,DraftKings,34,34,20,14,0,0.5882352941176471,0.06442577030812324,0.42221304146519273,0.7363426221431113,4.18181818181818,0.12299465240641705,-3.3088235294117645,10.641755356083967
elastic_net,5.0,ESPN Bet,22,22,14,8,0,0.6363636363636364,0.11255411255411252,0.4295134934371804,0.802670272273921,4.727272727272727,0.21487603305785122,-2.8636363636363638,15.383771497034212
elastic_net,5.0,consensus,307,304,167,137,3,0.5493421052631579,0.025532581453634018,0.4931405400251188,0.604312175917106,14.818181818181818,0.04874401913875598,1.021172638436482,6.371182404928907
elastic_net,5.0,teamrankings,193,190,98,92,3,0.5157894736842106,-0.00802005012531326,0.4451223223409469,0.585830785763815,-2.9090909090909083,-0.01531100478468899,0.4585492227979275,7.941027177183643
extra_trees,1.5,Bovada,132,132,64,68,0,0.48484848484848486,-0.038961038961038974,0.4012312048470063,0.5693227344469948,-9.818181818181818,-0.0743801652892562,0.45454545454545453,2.427275339394524
extra_trees,1.5,Caesars Sportsbook (Colorado),26,26,22,4,0,0.8461538461538461,0.3223443223443223,0.6646841558168644,0.9385006600107053,15.999999999999998,0.6153846153846153,12.538461538461538,2.985527554788951
extra_trees,1.5,DraftKings,703,696,376,320,7,0.5402298850574713,0.016420361247947435,0.5030837874420928,0.5769343195123953,21.81818181818181,0.03134796238244513,0.4167852062588905,2.316270677533651
extra_trees,1.5,ESPN Bet,738,738,353,385,0,0.47831978319783197,-0.045489740611691865,0.44248494567280483,0.5143791611661754,-64.0909090909091,-0.08684405025868441,0.4349593495934959,2.9026250041517976
extra_trees,1.5,William Hill (New Jersey),264,262,126,136,2,0.48091603053435117,-0.04289349327517267,0.4211294168971169,0.5412541980073977,-21.454545454545453,-0.08188757807078417,0.18181818181818182,3.0544621630786106
extra_trees,1.5,consensus,1308,1286,670,616,22,0.52099533437014,-0.0028141894393838296,0.4936696667428059,0.5481959390804209,-6.90909090909091,-0.005372543475187333,-0.18539755351681958,2.2800748022666384
extra_trees,1.5,numberfire,3,3,3,0,0,1.0,0.47619047619047616,0.43849391955098227,1.0,2.727272727272727,0.9090909090909091,27.833333333333332,2.009284637697589
extra_trees,1.5,teamrankings,312,310,164,146,2,0.5290322580645161,0.005222734254992312,0.4734505207302898,0.5839032526381865,3.0909090909090944,0.00997067448680353,1.1201923076923077,2.575433571955564
extra_trees,2.5,Bovada,48,48,22,26,0,0.4583333333333333,-0.06547619047619052,0.3257502185455351,0.5970916690505266,-5.999999999999999,-0.12499999999999999,-0.6145833333333334,3.207769646714984
extra_trees,2.5,Caesars Sportsbook (Colorado),12,12,10,2,0,0.8333333333333334,0.30952380952380953,0.5519636426153274,0.9530358523851776,7.090909090909091,0.5909090909090909,8.791666666666666,4.166558146055043
extra_trees,2.5,DraftKings,228,225,129,96,3,0.5733333333333334,0.049523809523809526,0.5080083807346928,0.6361961694869452,21.272727272727273,0.09454545454545454,0.9035087719298246,3.1324960592877225
extra_trees,2.5,ESPN Bet,392,392,190,202,0,0.4846938775510204,-0.039115646258503445,0.43560857732858876,0.5340762663058347,-29.272727272727266,-0.07467532467532466,0.5102040816326531,3.7051723704000463
extra_trees,2.5,William Hill (New Jersey),141,140,70,70,1,0.5,-0.023809523809523836,0.41828837957641574,0.5817116204235843,-6.363636363636363,-0.04545454545454545,-0.30141843971631205,4.044621904622285
extra_trees,2.5,consensus,346,339,173,166,7,0.5103244837758112,-0.013485040033712647,0.45729270569566427,0.5631248865685182,-8.727272727272727,-0.02574416733708769,-0.5563583815028902,3.278409781606356
extra_trees,2.5,teamrankings,120,120,67,53,0,0.5583333333333333,0.03452380952380951,0.46904360820302915,0.6440040268404459,7.909090909090912,0.06590909090909093,2.1125,3.5564831458867663
extra_trees,3.5,Bovada,11,11,4,7,0,0.36363636363636365,-0.1601731601731602,0.15166223614131383,0.6462032231083628,-3.3636363636363638,-0.3057851239669422,-1.5909090909090908,4.162421177823206
extra_trees,3.5,Caesars Sportsbook (Colorado),6,6,6,0,0,1.0,0.47619047619047616,0.6096569663469354,0.9999999999999999,5.454545454545454,0.9090909090909091,12.416666666666666,5.308530926094325
extra_trees,3.5,DraftKings,50,49,31,18,1,0.6326530612244898,0.108843537414966,0.49266811386889864,0.7533501747521878,10.18181818181818,0.20779220779220775,3.64,3.90746072405721
extra_trees,3.5,ESPN Bet,189,189,87,102,0,0.4603174603174603,-0.06349206349206354,0.3907552337440737,0.531460719660171,-22.909090909090903,-0.12121212121212117,0.03968253968253968,4.532071913406853
extra_trees,3.5,William Hill (New Jersey),76,76,36,40,0,0.47368421052631576,-0.05012531328320807,0.36541913011833066,0.5844816734727798,-7.272727272727276,-0.09569377990430626,-1.0986842105263157,5.000498189560771
extra_trees,3.5,consensus,107,107,53,54,0,0.4953271028037383,-0.02848242100578552,0.402409058672728,0.5885690578467014,-5.818181818181817,-0.05437553101104502,-0.8878504672897196,4.089812845252988
extra_trees,3.5,teamrankings,51,51,31,20,0,0.6078431372549019,0.08403361344537807,0.4708491122516505,0.7297285514197229,8.18181818181818,0.160427807486631,1.6470588235294117,4.406107177135946
extra_trees,5.0,Bovada,1,1,1,0,0,1.0,0.47619047619047616,0.20654329147389294,1.0,0.9090909090909091,0.9090909090909091,10.0,6.343399292395838
extra_trees,5.0,Caesars Sportsbook (Colorado),3,3,3,0,0,1.0,0.47619047619047616,0.43849391955098227,1.0,2.727272727272727,0.9090909090909091,22.5,6.546481659814742
extra_trees,5.0,ESPN Bet,49,49,26,23,0,0.5306122448979592,0.006802721088435382,0.39380627019919845,0.6629671810210522,0.6363636363636361,0.012987012987012983,3.9693877551020407,5.70184246216285
extra_trees,5.0,William Hill (New Jersey),33,33,14,19,0,0.42424242424242425,-0.09956709956709958,0.272353589950299,0.5919302630853998,-6.2727272727272725,-0.19008264462809918,-3.121212121212121,6.082987599884258
extra_trees,5.0,consensus,11,11,7,4,0,0.6363636363636364,0.11255411255411252,0.35379677689163724,0.8483377638586862,2.3636363636363633,0.21487603305785122,0.36363636363636365,5.391633036586956
extra_trees,5.0,teamrankings,11,11,9,2,0,0.8181818181818182,0.2943722943722944,0.5230138624217553,0.9486333993289995,6.181818181818182,0.5619834710743802,3.3636363636363638,5.633902973341969
hist_gradient_boosting,1.5,Bovada,151,150,76,74,1,0.5066666666666667,-0.017142857142857126,0.42749574524160977,0.5855046395697807,-4.90909090909091,-0.03272727272727274,3.947019867549669,3.497598197486153
hist_gradient_boosting,1.5,Caesars Sportsbook (Colorado),33,33,24,9,0,0.7272727272727273,0.20346320346320346,0.5578211674561319,0.849327273436772,12.818181818181818,0.3884297520661157,5.424242424242424,2.837370217824945
hist_gradient_boosting,1.5,DraftKings,830,810,418,392,20,0.5160493827160494,-0.007760141093474449,0.48163891768582395,0.5503083310171177,-11.999999999999993,-0.014814814814814807,0.6885542168674699,3.26497235810736
hist_gradient_boosting,1.5,ESPN Bet,474,474,228,246,0,0.4810126582278481,-0.042796865581675725,0.43636579810413084,0.5259648152204519,-38.72727272727273,-0.08170310701956271,-0.014767932489451477,2.9463882046727634
hist_gradient_boosting,1.5,William Hill (New Jersey),336,334,159,175,2,0.47604790419161674,-0.04776161961790709,0.423063311645909,0.529577215749178,-30.45454545454545,-0.09118127381600434,0.5074404761904762,3.295854233591637
hist_gradient_boosting,1.5,consensus,3410,3365,1743,1622,45,0.5179791976225855,-0.0058303261869383505,0.5010851965073884,0.5348321942063812,-37.454545454545425,-0.0111306227205187,0.26392961876832843,4.2389102041070466
hist_gradient_boosting,1.5,numberfire,4,4,4,0,0,1.0,0.47619047619047616,0.5100999795960008,1.0,3.6363636363636362,0.9090909090909091,22.375,4.735456014298763
hist_gradient_boosting,1.5,teamrankings,596,589,290,299,7,0.4923599320882852,-0.03144959172123862,0.4521649555961054,0.5326539235108936,-35.36363636363635,-0.06004012964963727,0.26593959731543626,4.988241255308298
hist_gradient_boosting,2.5,Bovada,97,96,45,51,1,0.46875,-0.055059523809523836,0.3720590570105098,0.5678457522072913,-10.09090909090909,-0.10511363636363635,4.546391752577319,4.396575942947303
hist_gradient_boosting,2.5,Caesars Sportsbook (Colorado),19,19,13,6,0,0.6842105263157895,0.16040100250626566,0.4601001017506463,0.846358289955714,5.8181818181818175,0.3062200956937799,7.7105263157894735,3.4822372016437697
hist_gradient_boosting,2.5,DraftKings,501,487,259,228,14,0.5318275154004107,0.008017991590886897,0.48743350423410736,0.5757233268087383,7.454545454545456,0.015307074855329478,0.005988023952095809,4.140095697851866
hist_gradient_boosting,2.5,ESPN Bet,238,238,110,128,0,0.46218487394957986,-0.06162464985994398,0.39994576077721655,0.5256253568468812,-28.0,-0.11764705882352941,-0.18067226890756302,3.89620080493167
hist_gradient_boosting,2.5,William Hill (New Jersey),205,203,104,99,2,0.5123152709359606,-0.011494252873563204,0.44396604708469745,0.5802070399538867,-4.4545454545454515,-0.021943573667711585,1.826829268292683,4.153240745708921
hist_gradient_boosting,2.5,consensus,2538,2504,1310,1194,34,0.5231629392971247,-0.0006465845123991842,0.5035791022623075,0.5426758127211588,-3.0909090909090775,-0.0012343886145803026,0.011229314420803783,5.013414714226062
hist_gradient_boosting,2.5,numberfire,3,3,3,0,0,1.0,0.47619047619047616,0.43849391955098227,1.0,2.727272727272727,0.9090909090909091,27.833333333333332,5.68354460401935
hist_gradient_boosting,2.5,teamrankings,494,489,246,243,5,0.5030674846625767,-0.020742039146947167,0.4589003260323438,0.5471868224551216,-19.36363636363636,-0.0395984383714445,-0.14068825910931174,5.605704373386035
hist_gradient_boosting,3.5,Bovada,59,58,24,34,1,0.41379310344827586,-0.11001642036124798,0.29627832678138283,0.5420182244074607,-12.181818181818182,-0.21003134796238243,2.7203389830508473,5.310828472505018
hist_gradient_boosting,3.5,Caesars Sportsbook (Colorado),8,8,5,3,0,0.625,0.10119047619047616,0.30573785458380187,0.863158240538479,1.5454545454545452,0.19318181818181815,10.8125,4.24947396482494
hist_gradient_boosting,3.5,DraftKings,276,269,150,119,7,0.5576208178438662,0.033811294034342354,0.4978697056075016,0.6157493319586174,17.363636363636363,0.0645488340655627,-0.8496376811594203,5.119759219039918
hist_gradient_boosting,3.5,ESPN Bet,119,119,60,59,0,0.5042016806722689,-0.019607843137254943,0.41565273000948033,0.5924878347503404,-4.454545454545454,-0.0374331550802139,1.819327731092437,4.881202581160625
hist_gradient_boosting,3.5,William Hill (New Jersey),128,127,67,60,1,0.5275590551181102,0.0037495313085863513,0.4412015042102698,0.6122983001333028,0.9090909090909096,0.007158196134574092,0.94140625,4.869652557454488
hist_gradient_boosting,3.5,consensus,1809,1787,963,824,22,0.5388919977616117,0.015082473952087838,0.5157207709730592,0.561896367248434,51.45454545454547,0.028793813908531318,-0.12410171365395246,5.8263912016131
hist_gradient_boosting,3.5,numberfire,3,3,3,0,0,1.0,0.47619047619047616,0.43849391955098227,1.0,2.727272727272727,0.9090909090909091,27.833333333333332,5.68354460401935
hist_gradient_boosting,3.5,teamrankings,375,372,197,175,3,0.5295698924731183,0.005760368663594417,0.478804931374085,0.5797303664747959,4.090909090909101,0.010997067448680379,0.24533333333333332,6.434850981523663
hist_gradient_boosting,5.0,Bovada,29,29,14,15,0,0.4827586206896552,-0.04105090311986864,0.3138581933079522,0.6556926202943085,-2.2727272727272725,-0.07836990595611285,1.4310344827586208,6.598910806451585
hist_gradient_boosting,5.0,Caesars Sportsbook (Colorado),1,1,1,0,0,1.0,0.47619047619047616,0.20654329147389294,1.0,0.9090909090909091,0.9090909090909091,-5.5,5.395589430360288
hist_gradient_boosting,5.0,DraftKings,120,116,64,52,4,0.5517241379310345,0.02791461412151064,0.4610104889496263,0.6391216855206745,6.181818181818183,0.053291536050156754,-1.7625,6.400237135544196
hist_gradient_boosting,5.0,ESPN Bet,39,39,19,20,0,0.48717948717948717,-0.036630036630036666,0.3386492878313309,0.6380089135430342,-2.7272727272727275,-0.06993006993006994,5.448717948717949,6.499399834068743
hist_gradient_boosting,5.0,William Hill (New Jersey),45,44,19,25,1,0.4318181818181818,-0.09199134199134201,0.29682504164854573,0.5777610925944561,-7.727272727272729,-0.17561983471074386,-0.4222222222222222,6.193928400509267
hist_gradient_boosting,5.0,consensus,1038,1025,564,461,13,0.5502439024390244,0.0264343786295006,0.5196575107950123,0.5804550818528744,51.727272727272734,0.05046563192904657,0.6204238921001927,7.047867471515289
hist_gradient_boosting,5.0,numberfire,3,3,3,0,0,1.0,0.47619047619047616,0.43849391955098227,1.0,2.727272727272727,0.9090909090909091,27.833333333333332,5.68354460401935
hist_gradient_boosting,5.0,teamrankings,250,249,133,116,1,0.5341365461847389,0.0103270223752151,0.47212813606767273,0.5951076352610959,4.90909090909091,0.019715224534501648,-0.288,7.570696433871426
ridge,1.5,Bovada,246,246,124,122,0,0.5040650406504065,-0.019744483159117365,0.4420042666450203,0.5660008053686074,-9.272727272727273,-0.037694013303769404,1.420731707317073,3.7655473836745887
ridge,1.5,Caesars,1,1,0,1,0,0.0,-0.5238095238095238,0.0,0.7934567085261071,-1.0,-1.0,-9.0,3.9916149685643965
ridge,1.5,Caesars Sportsbook (Colorado),39,39,27,12,0,0.6923076923076923,0.16849816849816845,0.535784513844354,0.8143424655401694,12.545454545454541,0.32167832167832155,9.038461538461538,3.423582788719376
ridge,1.5,Draft Kings,3,3,3,0,0,1.0,0.47619047619047616,0.43849391955098227,1.0,2.727272727272727,0.9090909090909091,15.166666666666666,3.5065186522007505
ridge,1.5,DraftKings,1174,1155,640,515,19,0.5541125541125541,0.030303030303030276,0.5253135281567624,0.5825528100899834,66.81818181818183,0.057851239669421496,0.770442930153322,3.354382114481723
ridge,1.5,ESPN Bet,798,798,408,390,0,0.5112781954887218,-0.01253132832080206,0.47662450424643266,0.5458238197118154,-19.09090909090908,-0.02392344497607654,0.2581453634085213,3.222168874109578
ridge,1.5,William Hill (New Jersey),347,344,165,179,3,0.4796511627906977,-0.04415836101882614,0.42737347594147646,0.5323783191284636,-29.0,-0.08430232558139535,0.6657060518731989,3.528561027526818
ridge,1.5,consensus,3237,3194,1592,1602,43,0.49843456480901693,-0.025374959000506903,0.4811065685632467,0.5157663222015743,-154.7272727272727,-0.048443103546422256,0.06688291628050665,3.904923455815883
ridge,1.5,numberfire,1,1,0,1,0,0.0,-0.5238095238095238,0.0,0.7934567085261071,-1.0,-1.0,69.0,2.1629233953236753
ridge,1.5,teamrankings,580,572,272,300,8,0.4755244755244755,-0.048285048285048315,0.4348974412891815,0.5164780758669252,-52.727272727272734,-0.09218054672600129,0.41551724137931034,5.47968174555873
ridge,2.5,Bovada,171,171,89,82,0,0.52046783625731,-0.003341687552213868,0.4459642912960303,0.5940719472192887,-1.09090909090909,-0.006379585326953742,1.6578947368421053,4.542958021671331
ridge,2.5,Caesars,1,1,0,1,0,0.0,-0.5238095238095238,0.0,0.7934567085261071,-1.0,-1.0,-9.0,3.9916149685643965
ridge,2.5,Caesars Sportsbook (Colorado),26,26,17,9,0,0.6538461538461539,0.13003663003663002,0.46220229009632996,0.8058798502714787,6.454545454545454,0.24825174825174823,8.576923076923077,4.150580464681076
ridge,2.5,Draft Kings,2,2,2,0,0,1.0,0.47619047619047616,0.34237195288961925,1.0,1.8181818181818181,0.9090909090909091,15.0,4.023741661072812
ridge,2.5,DraftKings,707,695,383,312,12,0.5510791366906475,0.027269612881123617,0.5139200266474092,0.5876766728049415,36.18181818181817,0.05206017004578154,0.5183875530410184,4.25961011812965
ridge,2.5,ESPN Bet,406,406,217,189,0,0.5344827586206896,0.010673234811165777,0.4858656124619452,0.5824534649572333,8.272727272727273,0.020376175548589344,1.0541871921182266,4.450190377184584
ridge,2.5,William Hill (New Jersey),244,242,117,125,2,0.4834710743801653,-0.04033844942935855,0.4212603442626112,0.5461983771254697,-18.636363636363633,-0.07700976709241171,1.0245901639344261,4.189478614766487
ridge,2.5,consensus,2291,2258,1123,1135,33,0.4973427812223206,-0.026466742587203218,0.4767415238041043,0.5179530648885787,-114.0909090909091,-0.05052741766647879,0.1342208642514186,4.699490613977135
ridge,2.5,teamrankings,473,466,225,241,7,0.48283261802575106,-0.04097690578377278,0.43778777575749267,0.5281581941183121,-36.45454545454545,-0.07822863831447523,0.5665961945031712,6.263391520264776
ridge,3.5,Bovada,117,117,58,59,0,0.49572649572649574,-0.028083028083028094,0.40671622435748067,0.5850084797179371,-6.272727272727273,-0.053613053613053616,0.44017094017094016,5.259929826522622
ridge,3.5,Caesars,1,1,0,1,0,0.0,-0.5238095238095238,0.0,0.7934567085261071,-1.0,-1.0,-9.0,3.9916149685643965
ridge,3.5,Caesars Sportsbook (Colorado),19,19,11,8,0,0.5789473684210527,0.05513784461152882,0.36275551465160105,0.7685837960796962,1.9999999999999996,0.10526315789473682,10.157894736842104,4.611705343732669
ridge,3.5,Draft Kings,1,1,1,0,0,1.0,0.47619047619047616,0.20654329147389294,1.0,0.9090909090909091,0.9090909090909091,15.5,5.006873270380462
ridge,3.5,DraftKings,372,366,196,170,6,0.5355191256830601,0.011709601873536313,0.4843189036112345,0.5859814628159064,8.18181818181818,0.02235469448584202,0.9260752688172043,5.398057453243693
ridge,3.5,ESPN Bet,186,186,98,88,0,0.5268817204301075,0.003072196620583667,0.45531220654551585,0.5973632871292108,1.0909090909090935,0.0058651026392962016,1.456989247311828,6.193292013353792
ridge,3.5,William Hill (New Jersey),155,154,75,79,1,0.487012987012987,-0.03679653679653683,0.40935102131613776,0.5653071169693331,-10.818181818181815,-0.0702479338842975,0.36451612903225805,4.870514164727375
ridge,3.5,consensus,1517,1494,743,751,23,0.49732262382864795,-0.02648689998087589,0.47200813686528326,0.5226508444315374,-75.54545454545453,-0.05056589996349032,0.3045484508899143,5.570377006521836
ridge,3.5,teamrankings,377,371,185,186,6,0.49865229110512127,-0.025157232704402566,0.4480486112479058,0.5492835952094353,-17.818181818181813,-0.04802744425385933,0.5450928381962865,7.08996281838365
ridge,5.0,Bovada,52,52,25,27,0,0.4807692307692308,-0.043040293040293054,0.3510389470288445,0.6131454602947279,-4.2727272727272725,-0.08216783216783216,-0.3269230769230769,6.5163629810952095
ridge,5.0,Caesars Sportsbook (Colorado),4,4,3,1,0,0.75,0.22619047619047616,0.3006360524426366,0.9544139373553637,1.727272727272727,0.43181818181818177,22.375,6.1865980022384734
ridge,5.0,Draft Kings,1,1,1,0,0,1.0,0.47619047619047616,0.20654329147389294,1.0,0.9090909090909091,0.9090909090909091,15.5,5.006873270380462
ridge,5.0,DraftKings,133,133,67,66,0,0.5037593984962406,-0.020050125313283207,0.4198806659491524,0.5874270533408882,-5.090909090909092,-0.038277511961722493,-1.7330827067669172,7.662186123594477
ridge,5.0,ESPN Bet,53,53,35,18,0,0.660377358490566,0.13656783468104217,0.5259453611082096,0.773131371425709,13.818181818181817,0.2607204116638079,3.5377358490566038,11.477465973325273
ridge,5.0,William Hill (New Jersey),58,58,27,31,0,0.46551724137931033,-0.058292282430213505,0.34331815357826717,0.5920004668972703,-6.454545454545455,-0.11128526645768026,0.49137931034482757,6.108927666369329
ridge,5.0,consensus,788,776,385,391,12,0.4961340206185567,-0.02767550319096712,0.4610609164519785,0.5312452134082393,-40.99999999999999,-0.052835051546391745,-0.024111675126903553,6.84136898964148
ridge,5.0,teamrankings,266,262,131,131,4,0.5,-0.023809523809523836,0.4398944459756802,0.5601055540243197,-11.909090909090908,-0.04545454545454545,0.5601503759398496,8.298052254444725
