model,threshold,season,games,graded,wins,losses,pushes,hit_rate,hit_rate_minus_breakeven,hit_rate_wilson_low,hit_rate_wilson_high,net_units_1u_each,roi_per_1u,avg_market_residual,avg_abs_pred_edge
elastic_net,1.5,2016,522,514,245,269,8,0.4766536964980545,-0.047155827311469334,0.43380820018132554,0.5198455812066511,-46.272727272727266,-0.0900247612309869,0.28160919540229884,4.766232365659449
elastic_net,1.5,2017,498,493,238,255,5,0.4827586206896552,-0.04105090311986864,0.4389518618233582,0.5268320016856556,-38.63636363636363,-0.07836990595611285,-0.5732931726907631,3.715924324273608
elastic_net,1.5,2018,487,483,248,235,4,0.5134575569358178,-0.010351966873705987,0.4689520661556557,0.5577506642601511,-9.545454545454549,-0.01976284584980238,0.6293634496919918,3.3407264505002683
elastic_net,1.5,2019,467,460,241,219,7,0.5239130434782608,0.00010351966873700658,0.47826350566153825,0.569166479057383,0.09090909090909349,0.00019762845849802932,-0.20556745182012848,3.0793394508495466
elastic_net,1.5,2020,324,319,148,171,5,0.46394984326018807,-0.05985968054933577,0.4099770426322721,0.5187805895935624,-36.45454545454545,-0.11427757195782273,0.32407407407407407,3.1797478912214014
elastic_net,1.5,2021,471,466,232,234,5,0.4978540772532189,-0.02595544655630494,0.4526603876331964,0.5430828586012791,-23.090909090909086,-0.04955130706203666,-0.03821656050955414,3.0713167212444445
elastic_net,1.5,2022,504,496,266,230,8,0.5362903225806451,0.012480798771121293,0.4922922523116714,0.5797305645166998,11.818181818181817,0.02382697947214076,0.43253968253968256,2.5603093023756847
elastic_net,1.5,2023,625,617,330,287,8,0.5348460291734197,0.011036505363895888,0.49539438852008333,0.5738664342082904,13.000000000000007,0.021069692058346853,1.0432,2.3497486802852294
elastic_net,1.5,2024,517,506,265,241,11,0.5237154150197628,-9.4108789761016e-05,0.4801833314824795,0.5668901125048293,-0.09090909090908816,-0.00017966223499819796,0.9584139264990329,2.285815272269271
elastic_net,1.5,2025,533,533,277,256,0,0.5196998123827392,-0.0041097114267846235,0.4772950884691532,0.561822595406314,-4.181818181818187,-0.007845812723861515,-0.21106941838649157,3.3289449995623386
elastic_net,2.5,2016,396,390,189,201,6,0.4846153846153846,-0.03919413919413922,0.4354069879810899,0.5341239097199146,-29.18181818181818,-0.07482517482517483,0.6073232323232324,5.658461224143155
elastic_net,2.5,2017,333,329,155,174,4,0.47112462006079026,-0.05268490374873358,0.41783006360800257,0.5250857257644795,-33.090909090909086,-0.10058027079303673,-0.44894894894894893,4.556247637464607
elastic_net,2.5,2018,308,305,150,155,3,0.4918032786885246,-0.032006245120999255,0.43614808903744906,0.5476623820907927,-18.636363636363633,-0.061102831594634865,0.45616883116883117,4.135003835242882
elastic_net,2.5,2019,269,264,129,135,5,0.48863636363636365,-0.03517316017316019,0.42893386881008644,0.5486648313171529,-17.727272727272727,-0.06714876033057851,-0.4516728624535316,3.870126294800601
elastic_net,2.5,2020,191,187,91,96,4,0.48663101604278075,-0.037178507766743085,0.41598524950115756,0.5578150120770308,-13.272727272727273,-0.07097715119105494,0.19633507853403143,4.031693832964865
elastic_net,2.5,2021,281,280,139,141,1,0.49642857142857144,-0.027380952380952395,0.43830984691427904,0.5546439695805547,-14.636363636363637,-0.052272727272727276,-0.06761565836298933,3.8327597218649574
elastic_net,2.5,2022,195,192,104,88,3,0.5416666666666666,0.017857142857142794,0.4710598278856616,0.6106388510466999,6.545454545454543,0.03409090909090908,-0.617948717948718,3.5503948549554294
elastic_net,2.5,2023,208,206,113,93,2,0.5485436893203883,0.024734165510864492,0.4803167816218965,0.6149932045772175,9.727272727272728,0.0472197705207414,0.7211538461538461,3.153348450077225
elastic_net,2.5,2024,151,146,89,57,5,0.6095890410958904,0.08577951728636657,0.5286166090315858,0.6849422424489109,23.909090909090907,0.16376089663760895,1.6423841059602649,3.1988771434764627
elastic_net,2.5,2025,197,197,102,95,0,0.5177664974619289,-0.006043026347594904,0.44831837839104094,0.5865349587662014,-2.2727272727272716,-0.011536686663590211,-0.8096446700507615,5.782254333206851
elastic_net,3.5,2016,292,286,149,137,6,0.5209790209790209,-0.002830502830502901,0.46318767738152705,0.5782142469799172,-1.5454545454545476,-0.005403687221869047,0.3801369863013699,6.599478290326449
elastic_net,3.5,2017,218,218,99,119,0,0.4541284403669725,-0.06968108344255136,0.3893986898063801,0.5204468937090652,-29.0,-0.13302752293577982,-0.7178899082568807,5.3808811769133165
elastic_net,3.5,2018,178,175,86,89,3,0.49142857142857144,-0.0323809523809524,0.41834215688635296,0.5648832224437359,-10.818181818181818,-0.06181818181818182,0.8146067415730337,4.98255369151313
elastic_net,3.5,2019,139,135,65,70,4,0.48148148148148145,-0.04232804232804238,0.39887943575661955,0.5651083027886004,-10.909090909090907,-0.08080808080808079,-0.8093525179856115,4.7222536529263
elastic_net,3.5,2020,105,102,49,53,3,0.4803921568627451,-0.043417366946778724,0.3859172379946161,0.5762904383821584,-8.454545454545453,-0.08288770053475934,-0.7428571428571429,4.942681006945281
elastic_net,3.5,2021,131,131,64,67,0,0.48854961832061067,-0.03525990548891317,0.4045028423085701,0.5732488307656145,-8.818181818181817,-0.06731436502428867,2.1564885496183206,4.820639753134306
elastic_net,3.5,2022,72,71,37,34,1,0.5211267605633803,-0.0026827632461435824,0.40685796250044975,0.6332266962989344,-0.3636363636363633,-0.005121638924455821,-1.8958333333333333,4.72593793803278
elastic_net,3.5,2023,47,47,22,25,0,0.46808510638297873,-0.0557244174265451,0.33331462168462633,0.6076785807322921,-5.0,-0.10638297872340426,-2.6808510638297873,4.179262320677191
elastic_net,3.5,2024,36,34,23,11,2,0.6764705882352942,0.15266106442577032,0.5084258404811939,0.8086854867354143,9.909090909090905,0.29144385026737957,4.958333333333333,4.317953098521341
elastic_net,3.5,2025,95,95,54,41,0,0.5684210526315789,0.0446115288220551,0.46808026950252796,0.6634432995210411,8.09090909090909,0.08516746411483253,-0.18947368421052632,8.876437769616771
elastic_net,5.0,2016,184,181,93,88,3,0.5138121546961326,-0.009997369113391219,0.4414701318708354,0.585580055965669,-3.454545454545455,-0.01908588648920141,0.3804347826086957,7.993986634018968
elastic_net,5.0,2017,109,109,54,55,0,0.4954128440366973,-0.02839667977282656,0.40331743223547967,0.5878205877855055,-5.909090909090907,-0.05421184320266888,-0.05963302752293578,6.619527372115943
elastic_net,5.0,2018,62,61,34,27,1,0.5573770491803278,0.033567525370803986,0.4330314670045551,0.6749239196607956,3.909090909090909,0.06408345752608048,1.0483870967741935,6.458199079515962
elastic_net,5.0,2019,47,45,27,18,2,0.6,0.07619047619047614,0.4545159420914473,0.7297532055204246,6.545454545454545,0.14545454545454545,-1.648936170212766,5.966177296657703
elastic_net,5.0,2020,42,42,23,19,0,0.5476190476190477,0.023809523809523836,0.39948862747122693,0.6877683618136149,1.9090909090909083,0.045454545454545435,0.9642857142857143,6.118314684654856
elastic_net,5.0,2021,43,43,24,19,0,0.5581395348837209,0.034330011074197087,0.4110735806551171,0.6956691437607867,2.818181818181817,0.06553911205073994,5.8604651162790695,6.302897847552964
elastic_net,5.0,2022,15,15,12,3,0,0.8,0.2761904761904762,0.5481406466534955,0.9295257935638959,7.909090909090909,0.5272727272727272,4.066666666666666,7.004764727909923
elastic_net,5.0,2023,4,4,2,2,0,0.5,-0.023809523809523836,0.15003570882017148,0.8499642911798285,-0.18181818181818177,-0.04545454545454544,-3.0,5.808140391770979
elastic_net,5.0,2024,5,5,3,2,0,0.6,0.07619047619047614,0.23071993220883708,0.8823817688407467,0.7272727272727273,0.14545454545454545,4.5,6.192843810769502
elastic_net,5.0,2025,50,50,30,20,0,0.6,0.07619047619047614,0.4618118910275937,0.7239181021375425,7.2727272727272725,0.14545454545454545,-3.56,13.266296928997267
extra_trees,1.5,2016,289,287,151,136,2,0.5261324041811847,0.0023228803716608404,0.4684004739052329,0.5831739913707111,1.272727272727277,0.004434589800443474,1.3217993079584776,2.546673160096935
extra_trees,1.5,2017,289,284,143,141,5,0.5035211267605634,-0.02028839704896046,0.44571260543451996,0.5612356605562194,-10.999999999999998,-0.03873239436619718,-0.9602076124567474,2.4706156137557658
extra_trees,1.5,2018,261,257,145,112,4,0.5642023346303502,0.04039281082082635,0.503072768590304,0.6234407936635695,19.818181818181813,0.07711354793066853,0.19157088122605365,2.3393518526327135
extra_trees,1.5,2019,253,246,129,117,7,0.524390243902439,0.0005807200929152101,0.4620876034126909,0.5859428286690761,0.2727272727272734,0.0011086474501108673,-1.1857707509881423,2.4025577447463657
extra_trees,1.5,2020,130,128,57,71,2,0.4453125,-0.07849702380952384,0.36205379206482013,0.5317581762365354,-19.18181818181818,-0.14985795454545453,0.36153846153846153,2.175777139746771
extra_trees,1.5,2021,84,84,46,38,0,0.5476190476190477,0.023809523809523836,0.44142846686988807,0.6496445554794317,3.8181818181818183,0.045454545454545456,1.7083333333333333,2.006642271761262
extra_trees,1.5,2022,383,379,208,171,4,0.5488126649076517,0.025003141098127846,0.49847368075388776,0.5981720338184052,18.090909090909093,0.04773326936915328,1.087467362924282,2.106220705140752
extra_trees,1.5,2023,487,482,242,240,5,0.5020746887966805,-0.021734835012843345,0.4575977149237185,0.546518853109978,-19.999999999999993,-0.04149377593360994,-0.27002053388090347,3.027381837568504
extra_trees,1.5,2024,513,509,251,258,4,0.4931237721021611,-0.030685751707362763,0.44990460391960385,0.5364459573453169,-29.818181818181806,-0.05858188962314697,0.07602339181286549,2.565936440783163
extra_trees,1.5,2025,797,797,406,391,0,0.5094102885821832,-0.014399235227340657,0.4747412305282233,0.5439890652006699,-21.909090909090903,-0.027489449070377543,1.090966122961104,2.5716591275941774
extra_trees,2.5,2016,108,108,58,50,0,0.5370370370370371,0.013227513227513255,0.44334384333440474,0.6281858915763978,2.727272727272729,0.025252525252525266,1.8333333333333333,3.5144803814287346
extra_trees,2.5,2017,106,104,51,53,2,0.49038461538461536,-0.03342490842490847,0.39637419660186013,0.5850800844918921,-6.636363636363636,-0.0638111888111888,-0.6132075471698113,3.3497327793633183
extra_trees,2.5,2018,79,78,42,36,1,0.5384615384615384,0.0146520146520146,0.42863448388730346,0.6446778658223795,2.181818181818181,0.027972027972027965,-1.9430379746835442,3.3408218140532298
extra_trees,2.5,2019,79,76,38,38,3,0.5,-0.023809523809523836,0.3903240360982663,0.6096759639017337,-3.454545454545454,-0.04545454545454545,-0.9113924050632911,3.4152557593690838
extra_trees,2.5,2020,29,28,14,14,1,0.5,-0.023809523809523836,0.3263284683244634,0.6736715316755366,-1.272727272727273,-0.04545454545454546,-0.7586206896551724,3.1434345900190133
extra_trees,2.5,2021,10,10,5,5,0,0.5,-0.023809523809523836,0.23658959361548731,0.7634104063845126,-0.4545454545454547,-0.04545454545454547,-0.45,2.8393028801658433
extra_trees,2.5,2022,68,68,40,28,0,0.5882352941176471,0.06442577030812324,0.4696125189030847,0.6974216228754949,8.363636363636362,0.12299465240641708,3.0808823529411766,3.0900880125745323
extra_trees,2.5,2023,254,252,129,123,2,0.5119047619047619,-0.011904761904761973,0.4504741555550562,0.5729778553767078,-5.727272727272725,-0.022727272727272717,0.04133858267716536,4.022633078023153
extra_trees,2.5,2024,206,204,94,110,2,0.46078431372549017,-0.06302521008403367,0.3937380116680794,0.529280286882355,-24.54545454545454,-0.12032085561497323,-0.23786407766990292,3.486421043922406
extra_trees,2.5,2025,348,348,190,158,0,0.5459770114942529,0.022167487684729092,0.4934480078613813,0.5975020105559975,14.727272727272727,0.04231974921630094,1.2887931034482758,3.34486185133046
extra_trees,3.5,2016,44,44,25,19,0,0.5681818181818182,0.044372294372294396,0.42223890740554393,0.7031749583514542,3.7272727272727275,0.0847107438016529,1.7159090909090908,4.376543416167542
extra_trees,3.5,2017,35,35,18,17,0,0.5142857142857142,-0.009523809523809601,0.35568539626711626,0.6700601960874726,-0.6363636363636365,-0.018181818181818184,0.6571428571428571,4.173163755999301
extra_trees,3.5,2018,27,27,15,12,0,0.5555555555555556,0.031746031746031744,0.37312719479576884,0.7241440232992717,1.6363636363636367,0.060606060606060615,-0.6111111111111112,4.114899266949738
extra_trees,3.5,2019,27,27,12,15,0,0.4444444444444444,-0.07936507936507942,0.2758559767007283,0.6268728052042312,-4.09090909090909,-0.1515151515151515,-2.0925925925925926,4.31072900415885
extra_trees,3.5,2020,8,8,3,5,0,0.375,-0.14880952380952384,0.13684175946152105,0.6942621454161981,-2.272727272727273,-0.2840909090909091,7.0,3.9225725259067676
extra_trees,3.5,2022,18,18,11,7,0,0.6111111111111112,0.08730158730158732,0.3861866858065617,0.7969500807306884,2.999999999999999,0.16666666666666663,-5.388888888888889,3.804523948245242
extra_trees,3.5,2023,139,139,71,68,0,0.5107913669064749,-0.013018156903048972,0.4285225853728892,0.5924796996757241,-3.454545454545455,-0.024852844996729892,-0.03597122302158273,4.922359305755901
extra_trees,3.5,2024,84,83,34,49,1,0.40963855421686746,-0.11417096959265638,0.3101274465766225,0.5171442757315801,-18.090909090909093,-0.21796276013143487,-0.2916666666666667,4.368222771786638
extra_trees,3.5,2025,108,108,59,49,0,0.5462962962962963,0.022486772486772444,0.45242362376844814,0.6369885448700549,4.636363636363638,0.04292929292929294,1.8240740740740742,4.211208116063916
extra_trees,5.0,2016,10,10,8,2,0,0.8,0.2761904761904762,0.49015684672072335,0.9433190520193067,5.2727272727272725,0.5272727272727272,3.25,5.652232308572962
extra_trees,5.0,2017,4,4,2,2,0,0.5,-0.023809523809523836,0.15003570882017148,0.8499642911798285,-0.18181818181818188,-0.04545454545454547,-2.5,5.320255641710689
extra_trees,5.0,2018,3,3,2,1,0,0.6666666666666666,0.1428571428571428,0.2076549551264879,0.9385096847238394,0.8181818181818181,0.2727272727272727,-0.3333333333333333,5.544391047210134
extra_trees,5.0,2019,5,5,4,1,0,0.8,0.2761904761904762,0.3755282641185388,0.9637768390302125,2.6363636363636362,0.5272727272727272,3.9,5.368875463003077
extra_trees,5.0,2023,58,58,29,29,0,0.5,-0.023809523809523836,0.3753805824767928,0.6246194175232072,-2.636363636363636,-0.04545454545454544,0.9655172413793104,5.988712394590831
extra_trees,5.0,2024,15,15,6,9,0,0.4,-0.12380952380952381,0.19824228082594664,0.642535572434923,-3.545454545454546,-0.2363636363636364,7.166666666666667,5.839479785641379
extra_trees,5.0,2025,13,13,9,4,0,0.6923076923076923,0.16849816849816845,0.4236888781333764,0.8731950283838191,4.181818181818182,0.32167832167832167,0.4230769230769231,5.474938464854724
hist_gradient_boosting,1.5,2016,552,545,270,275,7,0.4954128440366973,-0.02839667977282656,0.45361528393284833,0.5372746194563993,-29.545454545454547,-0.05421184320266889,0.41032608695652173,4.9190104576193985
hist_gradient_boosting,1.5,2017,569,562,294,268,7,0.5231316725978647,-0.0006778512116590862,0.4818202020232546,0.5641290530332842,-0.7272727272727293,-0.001294079585894536,-0.09314586994727592,4.839158730262217
hist_gradient_boosting,1.5,2018,577,573,303,270,4,0.5287958115183246,0.0049862877088007185,0.4878677779739812,0.5693403013323656,5.45454545454546,0.009519276534983351,0.4324090121317158,4.82056073469166
hist_gradient_boosting,1.5,2019,599,589,301,288,10,0.5110356536502547,-0.012773870159269118,0.4707247315399386,0.5512035541943959,-14.363636363636363,-0.02438647939496836,-0.005843071786310518,4.098457497722567
hist_gradient_boosting,1.5,2020,384,376,184,192,8,0.48936170212765956,-0.03444782168186428,0.4391971417442002,0.539741447394009,-24.727272727272727,-0.06576402321083172,1.21875,4.11567737639115
hist_gradient_boosting,1.5,2021,566,562,291,271,4,0.5177935943060499,-0.00601592950347396,0.47650047144534746,0.5588451093673749,-6.454545454545453,-0.011484956324813974,-0.13162544169611307,4.079417386226567
hist_gradient_boosting,1.5,2022,895,884,468,416,11,0.5294117647058824,0.0056022408963585235,0.49645162782996066,0.5621173781729119,9.454545454545457,0.010695187165775404,0.7804469273743017,3.679555376080425
hist_gradient_boosting,1.5,2023,847,834,416,418,13,0.4988009592326139,-0.02500856457690992,0.46494981564422555,0.5326630983003673,-39.81818181818182,-0.04774362328319163,1.322314049586777,3.425991729628646
hist_gradient_boosting,1.5,2024,783,772,388,384,11,0.5025906735751295,-0.021218850234394293,0.4673947748737034,0.537760916700453,-31.272727272727273,-0.04050871408384362,0.25925925925925924,3.036183892492641
hist_gradient_boosting,1.5,2025,62,62,27,35,0,0.43548387096774194,-0.0883256528417819,0.3194239439101423,0.5590723259253417,-10.454545454545453,-0.16862170087976538,-2.846774193548387,1.8609027296734648
hist_gradient_boosting,2.5,2016,458,453,227,226,5,0.5011037527593819,-0.022705771050141932,0.45524416884470165,0.5469447736684144,-19.636363636363626,-0.043347381095725446,0.07532751091703056,5.518249540789974
hist_gradient_boosting,2.5,2017,462,456,233,223,6,0.5109649122807017,-0.012844611528822103,0.4651836032827754,0.556563015552928,-11.181818181818178,-0.02452153110047846,-1.0032467532467533,5.506165844310619
hist_gradient_boosting,2.5,2018,458,454,244,210,4,0.5374449339207048,0.013635410111180968,0.4914579674520546,0.5828035238584771,11.818181818181815,0.02603123748498197,0.07532751091703056,5.567034420724415
hist_gradient_boosting,2.5,2019,427,423,218,205,4,0.5153664302600472,-0.008443093549476588,0.467816013166695,0.5626402497655029,-6.818181818181813,-0.016118633139909723,-0.5714285714285714,4.950182456984193
hist_gradient_boosting,2.5,2020,287,279,137,142,8,0.4910394265232975,-0.03277009728622632,0.4328990982943459,0.5494231626460532,-17.454545454545453,-0.06256109481915934,1.038327526132404,4.840713256194776
hist_gradient_boosting,2.5,2021,422,418,223,195,4,0.5334928229665071,0.009683299156983294,0.48557939613867124,0.5807962292145419,7.727272727272727,0.01848629839060461,-0.20853080568720378,4.781178068782725
hist_gradient_boosting,2.5,2022,612,604,331,273,8,0.5480132450331126,0.024203721223588714,0.5081428989557181,0.5872766972022282,27.909090909090903,0.04620710415412401,1.4191176470588236,4.46545790837102
hist_gradient_boosting,2.5,2023,533,523,261,262,10,0.49904397705544934,-0.024765546754074497,0.45635513809705947,0.5417467581844794,-24.727272727272723,-0.04727968016686945,1.3461538461538463,4.285276055925571
hist_gradient_boosting,2.5,2024,429,422,213,209,7,0.504739336492891,-0.019070187316632792,0.4572087111017315,0.5521844529292136,-15.363636363636362,-0.03640672124084446,-0.40442890442890445,3.9097809825120637
hist_gradient_boosting,2.5,2025,7,7,3,4,0,0.42857142857142855,-0.09523809523809529,0.15821692226262685,0.7495457695909742,-1.272727272727273,-0.18181818181818185,-2.7857142857142856,2.865249853550132
hist_gradient_boosting,3.5,2016,345,342,180,162,3,0.5263157894736842,0.0025062656641603454,0.47339851062359983,0.57864843803729,1.6363636363636367,0.004784688995215312,0.572463768115942,6.347173490201345
hist_gradient_boosting,3.5,2017,363,358,193,165,5,0.5391061452513967,0.015296621441872826,0.4873281723713663,0.5900537538637598,10.454545454545457,0.029202640934484516,-1.2878787878787878,6.18616876539753
hist_gradient_boosting,3.5,2018,350,346,190,156,4,0.5491329479768786,0.02532342416735478,0.4964491501621992,0.6007376909681866,16.727272727272727,0.04834471886495008,0.6342857142857142,6.361723024865667
hist_gradient_boosting,3.5,2019,301,298,154,144,3,0.5167785234899329,-0.007031000319590919,0.4601888858335106,0.5729410737214349,-4.000000000000005,-0.013422818791946326,-0.8039867109634552,5.761680471066437
hist_gradient_boosting,3.5,2020,198,193,91,102,5,0.47150259067357514,-0.0523069331359487,0.40231988086406806,0.5417976227530534,-19.272727272727273,-0.09985869053226566,1.1818181818181819,5.669720827499029
hist_gradient_boosting,3.5,2021,289,286,165,121,3,0.5769230769230769,0.053113553113553036,0.5190163883901806,0.6327906676017818,28.999999999999993,0.10139860139860138,-1.2768166089965398,5.610598029298095
hist_gradient_boosting,3.5,2022,394,392,221,171,2,0.5637755102040817,0.03996598639455784,0.5142982782631236,0.6120148732601121,29.909090909090903,0.07629870129870128,1.0786802030456852,5.281162452454197
hist_gradient_boosting,3.5,2023,318,311,158,153,7,0.5080385852090032,-0.01577093860052059,0.45271691916262013,0.5631640825855606,-9.36363636363636,-0.030108155510084757,0.8474842767295597,5.195586346034609
hist_gradient_boosting,3.5,2024,219,217,117,100,2,0.5391705069124424,0.015360983102918557,0.4727426990686681,0.6042355514058801,6.363636363636362,0.029325513196480933,0.1415525114155251,4.846407630568803
hist_gradient_boosting,5.0,2016,229,228,119,109,1,0.5219298245614035,-0.00187969924812037,0.4572652298211086,0.5858676678124479,-0.818181818181813,-0.0035885167464114608,0.2794759825327511,7.455157682659065
hist_gradient_boosting,5.0,2017,221,218,124,94,3,0.5688073394495413,0.04499781564001748,0.502434150772851,0.6327974739539811,18.727272727272727,0.08590492076730609,-1.4728506787330318,7.426946651444264
hist_gradient_boosting,5.0,2018,223,219,127,92,4,0.5799086757990868,0.056099151989562945,0.5137113169980667,0.6433509191373765,23.454545454545464,0.10709838107098385,0.9551569506726457,7.606549522469906
hist_gradient_boosting,5.0,2019,186,183,96,87,3,0.5245901639344263,0.0007806401249024209,0.4524744754470119,0.5956946688977166,0.2727272727272734,0.0014903129657228053,1.5806451612903225,6.753927317429991
hist_gradient_boosting,5.0,2020,113,113,51,62,0,0.45132743362831856,-0.07248209018120527,0.36268169477968215,0.5431737539646008,-15.636363636363635,-0.13837489943684633,1.8805309734513274,6.805415085525327
hist_gradient_boosting,5.0,2021,153,151,86,65,2,0.5695364238410596,0.04572690003153579,0.4898017455718692,0.645820722808721,13.181818181818183,0.08729680915111379,0.1503267973856209,6.897610452386172
hist_gradient_boosting,5.0,2022,185,184,104,80,1,0.5652173913043478,0.04140786749482395,0.49297795796165755,0.6347892671897466,14.545454545454545,0.07905138339920949,0.6513513513513514,6.559270499743911
hist_gradient_boosting,5.0,2023,142,138,73,65,4,0.5289855072463768,0.005175983436852993,0.44604942263156266,0.6103515203922046,1.3636363636363598,0.009881422924901158,-0.09859154929577464,6.47396278419572
hist_gradient_boosting,5.0,2024,73,72,37,35,1,0.5138888888888888,-0.009920634920634996,0.40069555910198956,0.625675192569916,-1.363636363636365,-0.01893939393939396,1.178082191780822,6.359117846690471
ridge,1.5,2016,539,531,253,278,8,0.4764595103578154,-0.04735001345170842,0.4342998793794238,0.5189573092910161,-48.0,-0.0903954802259887,0.44434137291280146,5.5461517773207
ridge,1.5,2017,546,540,260,280,6,0.48148148148148145,-0.04232804232804238,0.4396176497921899,0.523606936190199,-43.63636363636364,-0.08080808080808081,-0.7142857142857143,4.4303033700969605
ridge,1.5,2018,574,568,283,285,6,0.4982394366197183,-0.025570087189805524,0.45726998308244143,0.5392325448903397,-27.727272727272734,-0.048815620998719604,0.7787456445993032,3.9736991776770556
ridge,1.5,2019,543,535,268,267,8,0.5009345794392523,-0.02287494437027149,0.4587101975747997,0.5431456353824181,-23.36363636363636,-0.043670348343245534,-0.4088397790055249,3.837607676657833
ridge,1.5,2020,395,388,183,205,7,0.47164948453608246,-0.05216003927344137,0.4224988197025362,0.5213560440995715,-38.63636363636364,-0.09957825679475164,-0.1240506329113924,4.2739980681049525
ridge,1.5,2021,593,587,286,301,6,0.48722316865417375,-0.03658635515535008,0.4470021056850255,0.5276103792855654,-41.0,-0.06984667802385008,-0.0016863406408094434,4.029526965862398
ridge,1.5,2022,806,796,418,378,10,0.5251256281407035,0.0013161043311796794,0.49039685626831603,0.5596130456922721,2.000000000000007,0.0025125628140703605,0.8356079404466501,3.3699464682460927
ridge,1.5,2023,799,789,424,365,10,0.5373891001267427,0.013579576317218844,0.5025006125838333,0.5719152606498618,20.454545454545457,0.025924645696508816,1.3360450563204005,3.295655368029285
ridge,1.5,2024,787,775,414,361,12,0.5341935483870968,0.010384024577572926,0.498990980870916,0.5690587997263198,15.363636363636367,0.01982404692082112,0.7382465057179162,2.8783826726576085
ridge,1.5,2025,844,844,442,402,0,0.523696682464455,-0.00011284134506883703,0.48997047848798425,0.5572081454436558,-0.18181818181818166,-0.0002154243860404996,0.3080568720379147,3.747914728549273
ridge,2.5,2016,441,434,211,223,7,0.4861751152073733,-0.03763440860215056,0.4394794823217267,0.5331133457695282,-31.18181818181818,-0.07184750733137829,0.427437641723356,6.331057907326011
ridge,2.5,2017,421,415,193,222,6,0.4650602409638554,-0.05874928284566844,0.41761150536871444,0.5131499089702625,-46.54545454545454,-0.112157721796276,-0.7351543942992874,5.153169353596558
ridge,2.5,2018,426,423,206,217,3,0.48699763593380613,-0.03681188787571771,0.43969623198689806,0.5345330839935497,-29.727272727272727,-0.07027724049000644,0.8333333333333334,4.664032138885221
ridge,2.5,2019,387,381,192,189,6,0.5039370078740157,-0.019872515935508095,0.4539435382991045,0.5538518767495805,-14.45454545454545,-0.03793843951324265,-0.028423772609819122,4.577914723917457
ridge,2.5,2020,296,290,140,150,6,0.4827586206896552,-0.04105090311986864,0.42584742068418135,0.5401206382972564,-22.72727272727272,-0.07836990595611283,-0.28040540540540543,5.0323834548103274
ridge,2.5,2021,432,428,213,215,4,0.4976635514018692,-0.02614597240765465,0.45052592783297296,0.5448427443838769,-21.36363636363636,-0.049915038232795236,0.7766203703703703,4.796798878419798
ridge,2.5,2022,512,504,266,238,8,0.5277777777777778,0.003968253968253954,0.48414705499917793,0.5709882470320067,3.8181818181818272,0.007575757575757593,0.724609375,4.175597190428713
ridge,2.5,2023,501,496,265,231,5,0.5342741935483871,0.010464669738863286,0.49027921140957353,0.5777423378172215,9.90909090909091,0.019978005865102642,1.0499001996007984,4.077360599665689
ridge,2.5,2024,423,414,228,186,9,0.5507246376811594,0.026915113871635588,0.5025608970839529,0.5979556623012304,21.27272727272727,0.05138339920948616,1.8179669030732861,3.6448395680887717
ridge,2.5,2025,482,482,259,223,0,0.5373443983402489,0.013534874530725105,0.4927113644552397,0.5813868601512988,12.454545454545459,0.02583930592229348,0.012448132780082987,5.108354615750714
ridge,3.5,2016,353,347,174,173,6,0.5014409221902018,-0.02236860161932208,0.4491050222593215,0.5537452668740083,-14.818181818181813,-0.042703694000523956,0.3385269121813031,7.156822920947208
ridge,3.5,2017,297,294,132,162,3,0.4489795918367347,-0.07482993197278914,0.3931452626355793,0.5061300568631074,-42.0,-0.14285714285714285,-1.0303030303030303,6.051042026546137
ridge,3.5,2018,274,271,132,139,3,0.4870848708487085,-0.03672465296081534,0.42817158933888916,0.5463591949383092,-19.000000000000007,-0.07011070110701109,1.47992700729927,5.576731032904184
ridge,3.5,2019,257,252,131,121,5,0.5198412698412699,-0.003968253968253954,0.4583219187475644,0.5807647661387091,-1.9090909090909083,-0.0075757575757575725,0.3715953307392996,5.39410796372223
ridge,3.5,2020,212,208,104,104,4,0.5,-0.023809523809523836,0.43266816480748116,0.5673318351925188,-9.454545454545451,-0.04545454545454544,0.6698113207547169,5.82917888076448
ridge,3.5,2021,299,296,147,149,3,0.4966216216216216,-0.027187902187902235,0.44007091158839273,0.5532588998853987,-15.363636363636363,-0.0519041769041769,0.7675585284280937,5.604214859516319
ridge,3.5,2022,311,306,162,144,5,0.5294117647058824,0.0056022408963585235,0.4734678244728719,0.5846263759185539,3.272727272727275,0.010695187165775409,0.5353697749196141,4.940438142489504
ridge,3.5,2023,304,302,149,153,2,0.49337748344370863,-0.030432040365815205,0.4374281442191462,0.5494931902232582,-17.545454545454543,-0.05809753160746538,0.7220394736842105,4.778721293106891
ridge,3.5,2024,186,181,93,88,5,0.5138121546961326,-0.009997369113391219,0.4414701318708354,0.585580055965669,-3.454545454545454,-0.019085886489201405,2.368279569892473,4.477043538533348
ridge,3.5,2025,252,252,143,109,0,0.5674603174603174,0.04365079365079361,0.505730174407499,0.6271645542058305,21.0,0.08333333333333333,0.30952380952380953,7.0593577045482805
ridge,5.0,2016,252,248,125,123,4,0.5040322580645161,-0.01977726574500771,0.44221911879878967,0.5657223809375527,-9.36363636363636,-0.037756598240469195,0.5238095238095238,8.338623866590058
ridge,5.0,2017,185,183,81,102,2,0.4426229508196721,-0.08118657298985171,0.3725714489855463,0.5150338808767543,-28.36363636363636,-0.15499254843517135,-1.6675675675675676,7.219121855946184
ridge,5.0,2018,150,148,76,72,2,0.5135135135135135,-0.01029601029601035,0.4336699913960948,0.592673250508627,-2.909090909090908,-0.01965601965601965,1.08,6.6973840514062415
ridge,5.0,2019,131,129,65,64,2,0.5038759689922481,-0.019933554817275767,0.4187389371363667,0.588788825251319,-4.909090909090908,-0.03805496828752642,-1.7557251908396947,6.500330321092328
ridge,5.0,2020,121,119,62,57,2,0.5210084033613446,-0.0028011204481792618,0.4320064760431123,0.6086963477559917,-0.6363636363636349,-0.005347593582887688,0.5165289256198347,7.016398228794489
ridge,5.0,2021,147,145,72,73,2,0.496551724137931,-0.02725779967159281,0.41631514799793,0.5769663001993481,-7.545454545454545,-0.05203761755485893,2.2244897959183674,7.085571997595836
ridge,5.0,2022,117,115,59,56,2,0.5130434782608696,-0.010766045548654235,0.4227551447028166,0.6024885410099305,-2.363636363636364,-0.020553359683794473,-0.0641025641025641,6.234013253045505
ridge,5.0,2023,96,96,47,49,0,0.4895833333333333,-0.03422619047619052,0.39192689394846364,0.5880413757908035,-6.272727272727271,-0.06534090909090907,0.703125,6.081768375207617
ridge,5.0,2024,40,40,24,16,0,0.6,0.07619047619047614,0.44595619827393507,0.7365188938759863,5.8181818181818175,0.14545454545454545,0.875,5.9197936245629705
ridge,5.0,2025,116,116,63,53,0,0.5431034482758621,0.019293924466338264,0.4525238447819796,0.6309196339432711,4.272727272727275,0.03683385579937306,-0.3146551724137931,10.473905974530423
