strategy,legs,parlays,graded,wins,losses,pushes,hit_rate,breakeven_hit_rate_at_minus_110_legs,hit_rate_wilson_low,hit_rate_wilson_high,net_units_1u_parlay,roi_per_1u_parlay,avg_abs_pred_edge_per_leg,avg_market_residual_per_leg,base_strategy,season
hgb_all_sides_5p0_consensus__2017,2,1734,1734,565,1169,0,0.32583621683967706,0.27437641723356004,0.3041818226300701,0.3482606094074642,273.14876033057874,0.15752523663816537,7.46851138874567,-1.2461072664359862,hgb_all_sides_5p0_consensus,2017
hgb_all_sides_5p0_consensus__2018,2,1514,1514,469,1045,0,0.309775429326288,0.27437641723356004,0.28698912308320446,0.333524638036533,153.6776859504134,0.10150441608349631,7.499050423124239,1.6931968295904887,hgb_all_sides_5p0_consensus,2018
hgb_all_sides_5p0_consensus__2019,2,1324,1324,369,955,0,0.27870090634441086,0.27437641723356004,0.25521640079027635,0.3034658998696818,-6.90082644628081,-0.005212104566677349,6.68895439032756,1.1844788519637461,hgb_all_sides_5p0_consensus,2019
hgb_all_sides_5p0_consensus__2020,2,479,479,101,378,0,0.21085594989561587,0.27437641723356004,0.17669859068807592,0.24961430364414405,-110.89256198347104,-0.23150848013250738,6.8838861833748926,2.049582463465553,hgb_all_sides_5p0_consensus,2020
hgb_all_sides_5p0_consensus__2021,2,836,836,290,546,0,0.34688995215311,0.27437641723356004,0.3153908039366637,0.37978981107454796,191.43801652892574,0.22899284273794945,6.96580661764108,0.005681818181818182,hgb_all_sides_5p0_consensus,2021
hgb_all_sides_5p0_consensus__2022,2,1021,1021,377,644,0,0.3692458374142997,0.27437641723356004,0.34018475429694983,0.39928717970729044,346.0826446280994,0.3389643923879524,6.6410006500213195,0.6466699314397649,hgb_all_sides_5p0_consensus,2022
hgb_all_sides_5p0_consensus__2023,2,1,1,0,1,0,0.0,0.27437641723356004,0.0,0.7934567085261071,-1.0,-1.0,6.135121788861656,18.0,hgb_all_sides_5p0_consensus,2023
hgb_all_sides_5p0_consensus__2017,3,8910,8910,1637,7273,0,0.18372615039281706,0.1437209804556743,0.1758218365214612,0.19190307346572097,2009.6371149511658,0.22554849774985025,7.4939858859483905,-1.1078563411896745,hgb_all_sides_5p0_consensus,2017
hgb_all_sides_5p0_consensus__2018,3,7765,7765,1224,6541,0,0.15763039278815197,0.1437209804556743,0.14969485825995804,0.16590452273398582,512.9444027047342,0.06605851934381639,7.477530843876226,1.8810903627387852,hgb_all_sides_5p0_consensus,2018
hgb_all_sides_5p0_consensus__2019,3,7393,7393,1092,6301,0,0.14770729068037333,0.1437209804556743,0.13980228839436512,0.15597822419630605,59.270473328325465,0.008017107172774986,6.605869929609758,0.5766039947698274,hgb_all_sides_5p0_consensus,2019
hgb_all_sides_5p0_consensus__2020,3,1493,1493,138,1355,0,0.09243134628265237,0.1437209804556743,0.07876716896302575,0.10818754955896077,-532.8061607813673,-0.3568694981790806,6.920591620303656,2.0812681402098683,hgb_all_sides_5p0_consensus,2020
hgb_all_sides_5p0_consensus__2021,3,3102,3102,639,2463,0,0.2059961315280464,0.1437209804556743,0.19213160978397406,0.22058795711216125,1125.437265214125,0.36281020799939556,7.0199341162469295,-0.21260477111540926,hgb_all_sides_5p0_consensus,2021
hgb_all_sides_5p0_consensus__2022,3,4125,4125,1069,3056,0,0.25915151515151513,0.1437209804556743,0.24600828096885144,0.2727429348685397,3293.143501126973,0.7983378184550238,6.654769541539423,0.5357979797979797,hgb_all_sides_5p0_consensus,2022
hgb_under_3p5_all__2016,2,850,850,265,585,0,0.31176470588235294,0.27437641723356004,0.2815294930384646,0.3436937333773014,96.7355371900828,0.11380651434127388,6.007446280880989,-0.8838235294117647,hgb_under_3p5_all,2016
hgb_under_3p5_all__2017,2,766,766,280,486,0,0.36553524804177545,0.27437641723356004,0.3321804522488961,0.4002320336443059,233.66942148760344,0.30505146408303324,6.247561792579256,-2.85411227154047,hgb_under_3p5_all,2017
hgb_under_3p5_all__2018,2,1052,1052,332,720,0,0.3155893536121673,0.27437641723356004,0.2882188595150321,0.34430177615607616,131.9834710743803,0.12545957326462007,6.808663522394083,-0.36216730038022815,hgb_under_3p5_all,2018
hgb_under_3p5_all__2019,2,412,412,119,293,0,0.28883495145631066,0.27437641723356004,0.24718062918748077,0.33439081532408316,7.826446280991789,0.01899622883735871,5.581138006432219,-0.17233009708737865,hgb_under_3p5_all,2019
hgb_under_3p5_all__2020,2,353,353,90,263,0,0.254957507082153,0.27437641723356004,0.21229737670098392,0.30289367725685057,-49.28099173553715,-0.1396062088825415,6.084030149182112,1.1267705382436262,hgb_under_3p5_all,2020
hgb_under_3p5_all__2021,2,1937,1937,714,1223,0,0.36861125451729476,0.27437641723356004,0.3474065792491698,0.390336057759435,642.7024793388432,0.3318030352807657,5.730433644961287,-2.5165203923593187,hgb_under_3p5_all,2021
hgb_under_3p5_all__2022,2,662,662,210,452,0,0.31722054380664655,0.27437641723356004,0.28290920306860584,0.35364099145213307,103.37190082644636,0.15615090759281927,5.355663848285878,-1.7972054380664653,hgb_under_3p5_all,2022
hgb_under_3p5_all__2023,2,342,341,120,221,1,0.3519061583577713,0.27437641723356004,0.3031233783734105,0.4039885245988527,70.32231404958682,0.20622379486682352,5.239843581064384,1.1140350877192982,hgb_under_3p5_all,2023
hgb_under_3p5_all__2024,2,245,245,88,157,0,0.35918367346938773,0.27437641723356004,0.30170788617188893,0.42100728685384314,61.84297520661161,0.2524203069657617,5.125393262932591,-2.2612244897959184,hgb_under_3p5_all,2024
hgb_under_3p5_all__2016,3,3063,3063,578,2485,0,0.18870388507998695,0.1437209804556743,0.17524022285225913,0.20294742140038177,855.9691960931636,0.27945452043524766,6.0318495910375365,-1.5112634671890304,hgb_under_3p5_all,2016
hgb_under_3p5_all__2017,3,2831,2831,638,2193,0,0.22536206287530908,0.1437209804556743,0.21034884322244488,0.24111962683246044,1389.4793388429757,0.49080866790638494,6.372232553828298,-2.6770281408218533,hgb_under_3p5_all,2017
hgb_under_3p5_all__2018,3,4199,4199,786,3413,0,0.18718742557751847,0.1437209804556743,0.1756770538749874,0.19926964885109205,1107.5785123966948,0.2637719724688485,6.8177692672455175,-0.4958323410335792,hgb_under_3p5_all,2018
hgb_under_3p5_all__2019,3,1207,1207,180,1027,0,0.1491300745650373,0.1437209804556743,0.13014799202597782,0.1703385456020654,-47.34560480841458,-0.03922585319669808,5.603325670106748,0.38746202706434685,hgb_under_3p5_all,2019
hgb_under_3p5_all__2020,3,907,907,124,783,0,0.13671444321940462,0.1437209804556743,0.11588309769723547,0.1606102025648518,-136.98948159278734,-0.15103581211994194,6.157576821148963,0.16133774347666316,hgb_under_3p5_all,2020
hgb_under_3p5_all__2021,3,10769,10769,2658,8111,0,0.24681957470517224,0.1437209804556743,0.23876737436959541,0.2550523435403012,7466.731029301281,0.6933541674529929,5.737458922479885,-2.8686352802798156,hgb_under_3p5_all,2021
hgb_under_3p5_all__2022,3,2108,2108,422,1686,0,0.20018975332068312,0.1437209804556743,0.1836601020916946,0.21781015969309075,828.2449286250944,0.3929055638638968,5.375284540185949,-1.407099936748893,hgb_under_3p5_all,2022
hgb_under_3p5_all__2023,3,761,761,186,575,0,0.24441524310118265,0.1437209804556743,0.21521571184515517,0.2761822455881225,413.73779113448546,0.5436764666681806,5.2757109339804655,1.088480070083224,hgb_under_3p5_all,2023
hgb_under_3p5_all__2024,3,492,492,97,395,0,0.19715447154471544,0.1437209804556743,0.16440327879948052,0.23459833784583523,139.84598046581524,0.28423979769474644,5.208980686038763,-2.0680894308943087,hgb_under_3p5_all,2024
hgb_under_3p5_consensus__2017,2,766,766,280,486,0,0.36553524804177545,0.27437641723356004,0.3321804522488961,0.4002320336443059,233.66942148760344,0.30505146408303324,6.247561792579256,-2.85411227154047,hgb_under_3p5_consensus,2017
hgb_under_3p5_consensus__2018,2,841,841,256,585,0,0.30439952437574314,0.27437641723356004,0.27424701618921293,0.33633087202083717,69.46280991735549,0.08259549336189713,6.690110543212353,-0.0032699167657550534,hgb_under_3p5_consensus,2018
hgb_under_3p5_consensus__2019,2,412,412,119,293,0,0.28883495145631066,0.27437641723356004,0.24718062918748077,0.33439081532408316,7.826446280991789,0.01899622883735871,5.581138006432219,-0.17233009708737865,hgb_under_3p5_consensus,2019
hgb_under_3p5_consensus__2020,2,353,353,90,263,0,0.254957507082153,0.27437641723356004,0.21229737670098392,0.30289367725685057,-49.28099173553715,-0.1396062088825415,6.084030149182112,1.1267705382436262,hgb_under_3p5_consensus,2020
hgb_under_3p5_consensus__2021,2,1920,1920,714,1206,0,0.371875,0.27437641723356004,0.3505323534570025,0.3937293362787846,659.7024793388432,0.34359504132231417,5.735276074810609,-2.613411458333333,hgb_under_3p5_consensus,2021
hgb_under_3p5_consensus__2022,2,611,611,184,427,0,0.3011456628477905,0.27437641723356004,0.26610448620554966,0.3386717683614801,59.611570247933955,0.0975639447593027,5.40217949247184,-1.2295417348608837,hgb_under_3p5_consensus,2022
hgb_under_3p5_consensus__2023,2,3,3,0,3,0,0.0,0.27437641723356004,0.0,0.5615060804490177,-3.0,-1.0,4.8061820590374955,5.333333333333333,hgb_under_3p5_consensus,2023
hgb_under_3p5_consensus__2017,3,2831,2831,638,2193,0,0.22536206287530908,0.1437209804556743,0.21034884322244488,0.24111962683246044,1389.4793388429757,0.49080866790638494,6.372232553828298,-2.6770281408218533,hgb_under_3p5_consensus,2017
hgb_under_3p5_consensus__2018,3,2950,2950,495,2455,0,0.16779661016949152,0.1437209804556743,0.15474548931789706,0.1817118210537898,374.8948159278742,0.12708298845012686,6.677382864921621,0.054293785310734526,hgb_under_3p5_consensus,2018
hgb_under_3p5_consensus__2019,3,1207,1207,180,1027,0,0.1491300745650373,0.1437209804556743,0.13014799202597782,0.1703385456020654,-47.34560480841458,-0.03922585319669808,5.603325670106748,0.38746202706434685,hgb_under_3p5_consensus,2019
hgb_under_3p5_consensus__2020,3,907,907,124,783,0,0.13671444321940462,0.1437209804556743,0.11588309769723547,0.1606102025648518,-136.98948159278734,-0.15103581211994194,6.157576821148963,0.16133774347666316,hgb_under_3p5_consensus,2020
hgb_under_3p5_consensus__2021,3,10633,10633,2658,7975,0,0.249976488291169,0.1437209804556743,0.24183748679128975,0.25829608669353116,7602.73102930128,0.7150127931252966,5.744510188242023,-3.0063951848020314,hgb_under_3p5_consensus,2021
hgb_under_3p5_consensus__2022,3,1907,1907,336,1571,0,0.1761929732564237,0.1437209804556743,0.15974908882989639,0.19393883590441965,430.8632607062362,0.22593773503211126,5.42713821007266,-0.7260094389092816,hgb_under_3p5_consensus,2022
hgb_under_3p5_consensus__2023,3,1,1,0,1,0,0.0,0.1437209804556743,0.0,0.7934567085261071,-1.0,-1.0,4.8061820590374955,5.333333333333333,hgb_under_3p5_consensus,2023
hgb_under_3p5_high_total__2016,2,377,377,118,259,0,0.3129973474801061,0.27437641723356004,0.2682725689807417,0.3614947673606663,37.44628099173558,0.09932700528311825,6.030969494071431,-1.276525198938992,hgb_under_3p5_high_total,2016
hgb_under_3p5_high_total__2017,2,225,225,71,154,0,0.31555555555555553,0.27437641723356004,0.2583585578614017,0.37894514915690247,33.76859504132234,0.1500826446280993,6.447867333633603,-1.8466666666666667,hgb_under_3p5_high_total,2017
hgb_under_3p5_high_total__2018,2,450,450,145,305,0,0.32222222222222224,0.27437641723356004,0.2807049889507759,0.36674910075805656,62.851239669421545,0.13966942148760345,7.0264458678163475,-0.05,hgb_under_3p5_high_total,2018
hgb_under_3p5_high_total__2019,2,118,118,39,79,0,0.3305084745762712,0.27437641723356004,0.2521555893386995,0.4195493127637022,17.198347107438035,0.14574870430032233,5.766846406381142,-0.8813559322033898,hgb_under_3p5_high_total,2019
hgb_under_3p5_high_total__2020,2,131,131,42,89,0,0.32061068702290074,0.27437641723356004,0.24678009030917958,0.4046627878530492,13.396694214876053,0.1022648413349317,6.7141927105136405,0.07061068702290077,hgb_under_3p5_high_total,2020
hgb_under_3p5_high_total__2021,2,525,525,248,277,0,0.4723809523809524,0.27437641723356004,0.43003109701478653,0.5151320671538415,378.86776859504147,0.7216528925619837,5.838100518559862,-4.36,hgb_under_3p5_high_total,2021
hgb_under_3p5_high_total__2022,2,328,328,117,211,0,0.3567073170731707,0.27437641723356004,0.30679869393352865,0.4099336265470862,98.42148760330585,0.30006551098568857,5.261950566710194,-3.5297256097560976,hgb_under_3p5_high_total,2022
hgb_under_3p5_high_total__2023,2,67,67,30,37,0,0.44776119402985076,0.27437641723356004,0.33476201784797566,0.5664259846816114,42.33884297520663,0.631923029480696,5.235274733162276,-1.8022388059701493,hgb_under_3p5_high_total,2023
hgb_under_3p5_high_total__2024,2,93,93,45,48,0,0.4838709677419355,0.27437641723356004,0.3849752909016495,0.5840462866022331,67.53719008264466,0.7262063449746737,5.283266240155434,-4.287634408602151,hgb_under_3p5_high_total,2024
hgb_under_3p5_high_total__2016,3,974,974,187,787,0,0.1919917864476386,0.1437209804556743,0.16848505147132897,0.21791863599707073,267.4928625093916,0.2746333290650838,6.058704912271428,-2.1350102669404514,hgb_under_3p5_high_total,2016
hgb_under_3p5_high_total__2017,3,422,422,74,348,0,0.17535545023696683,0.1437209804556743,0.14204747498309214,0.21452078889718632,92.88655146506393,0.2201103115285875,6.497972683322426,-1.424960505529226,hgb_under_3p5_high_total,2017
hgb_under_3p5_high_total__2018,3,1179,1179,225,954,0,0.19083969465648856,0.1437209804556743,0.169426621643267,0.21426093212555553,326.89406461307317,0.2772638376701214,7.098461764799265,0.031382527565733696,hgb_under_3p5_high_total,2018
hgb_under_3p5_high_total__2019,3,147,147,24,123,0,0.16326530612244897,0.1437209804556743,0.11223672581016134,0.23144565358650374,0.11044327573254975,0.000751314800901699,5.866146521233959,-0.4183673469387755,hgb_under_3p5_high_total,2019
hgb_under_3p5_high_total__2020,3,225,225,42,183,0,0.18666666666666668,0.1437209804556743,0.14116907266689918,0.24268421274973836,34.099924868519935,0.1515552216378664,6.736774008892325,0.025185185185185015,hgb_under_3p5_high_total,2020
hgb_under_3p5_high_total__2021,3,1419,1419,541,878,0,0.38125440451021847,0.1437209804556743,0.3563357682455887,0.40681425491932294,2345.2381667918867,1.652740075258553,5.805000724889873,-4.638007986845197,hgb_under_3p5_high_total,2021
hgb_under_3p5_high_total__2022,3,721,721,231,490,0,0.32038834951456313,0.1437209804556743,0.28735633641934394,0.35532421613172377,886.2809917355374,1.229238546096446,5.216421127133781,-4.245492371705964,hgb_under_3p5_high_total,2022
hgb_under_3p5_high_total__2023,3,70,70,26,44,0,0.37142857142857144,0.1437209804556743,0.2677048160082965,0.4885301518147193,110.90608564988733,1.5843726521412476,5.202350386393283,-3.5238095238095246,hgb_under_3p5_high_total,2023
hgb_under_3p5_high_total__2024,3,113,113,36,77,0,0.3185840707964602,0.1437209804556743,0.23985429373603995,0.4092432879471962,134.17205108940647,1.1873632839770483,5.327532681375513,-3.1622418879056045,hgb_under_3p5_high_total,2024
hgb_under_5p0_all__2016,2,258,258,96,162,0,0.37209302325581395,0.27437641723356004,0.315391795362983,0.4325474167408233,79.73553719008268,0.30905246972900263,7.580011189127755,-2.807170542635659,hgb_under_5p0_all,2016
hgb_under_5p0_all__2017,2,334,334,142,192,0,0.4251497005988024,0.27437641723356004,0.37327730075889076,0.478724347350756,169.65289256198355,0.5079427921017472,7.295985886580806,-3.480538922155689,hgb_under_5p0_all,2017
hgb_under_5p0_all__2018,2,519,519,173,346,0,0.3333333333333333,0.27437641723356004,0.29413161433183943,0.37498423260918434,95.90082644628106,0.18478001242058006,7.922195042047761,-0.3285163776493256,hgb_under_5p0_all,2018
hgb_under_5p0_all__2019,2,125,125,31,94,0,0.248,0.27437641723356004,0.18056639010525916,0.3304611041202084,-20.694214876033044,-0.16555371900826435,6.702390552531539,2.144,hgb_under_5p0_all,2019
hgb_under_5p0_all__2020,2,136,136,27,109,0,0.19852941176470587,0.27437641723356004,0.14018035078929258,0.2734419189787878,-37.59504132231404,-0.27643412736995615,7.3056587422121995,4.5974264705882355,hgb_under_5p0_all,2020
hgb_under_5p0_all__2021,2,618,618,198,420,0,0.32038834951456313,0.27437641723356004,0.284804917333746,0.35819098387324944,88.01652892561991,0.14242156784080892,7.029988243468044,-1.034789644012945,hgb_under_5p0_all,2021
hgb_under_5p0_all__2022,2,148,148,47,101,0,0.31756756756756754,0.27437641723356004,0.24799221646706032,0.39637401781919596,23.297520661157048,0.157415680142953,6.661339121235436,-2.1807432432432434,hgb_under_5p0_all,2022
hgb_under_5p0_all__2023,2,66,65,22,43,1,0.3384615384615385,0.27437641723356004,0.23533338768646592,0.4596185018686867,4.768595041322323,0.07336300063572804,6.717559410502994,1.1098484848484849,hgb_under_5p0_all,2023
hgb_under_5p0_all__2024,2,51,51,9,42,0,0.17647058823529413,0.27437641723356004,0.095722957258099,0.30254405172778037,-19.933884297520656,-0.39086047642197363,6.342191235673458,2.573529411764706,hgb_under_5p0_all,2024
hgb_under_5p0_all__2016,3,500,500,142,358,0,0.284,0.1437209804556743,0.24623711212056168,0.32505672308478845,418.4462809917356,0.8368925619834712,7.635902189521198,-3.7359999999999998,hgb_under_5p0_all,2016
hgb_under_5p0_all__2017,3,855,855,228,627,0,0.26666666666666666,0.1437209804556743,0.23811628562183687,0.297304448539154,638.634861006762,0.7469413579026456,7.407454110826162,-3.293957115009747,hgb_under_5p0_all,2017
hgb_under_5p0_all__2018,3,1442,1442,288,1154,0,0.19972260748959778,0.1437209804556743,0.17989730206922738,0.22114358650390536,502.2434259954924,0.34829641192475197,7.9551456999193295,-0.41897827092001855,hgb_under_5p0_all,2018
hgb_under_5p0_all__2019,3,194,194,26,168,0,0.13402061855670103,0.1437209804556743,0.09312615773797961,0.1891279283591809,-46.226897069872265,-0.23828297458697045,6.719859886794503,1.5489690721649487,hgb_under_5p0_all,2019
hgb_under_5p0_all__2020,3,251,251,16,235,0,0.06374501992031872,0.1437209804556743,0.03961439602148448,0.10102826200609033,-139.6731780616078,-0.5564668448669634,7.333487449406238,5.838645418326693,hgb_under_5p0_all,2020
hgb_under_5p0_all__2021,3,1985,1985,365,1620,0,0.18387909319899245,0.1437209804556743,0.16745327735403784,0.20152613256980936,435.3643876784376,0.2193271474450567,7.098883432477402,-1.1774139378673383,hgb_under_5p0_all,2021
hgb_under_5p0_all__2022,3,199,199,37,162,0,0.18592964824120603,0.1437209804556743,0.1380078521906515,0.24574774823845183,58.443275732531966,0.29368480267604,6.753112610376855,-1.5804020100502512,hgb_under_5p0_all,2022
hgb_under_5p0_all__2023,3,60,60,9,51,0,0.15,0.1437209804556743,0.08097349242295689,0.26114825891159615,-17.41622839969947,-0.2902704733283245,6.909496559772344,1.5805555555555555,hgb_under_5p0_all,2023
hgb_under_5p0_all__2024,3,46,46,1,45,0,0.021739130434782608,0.1437209804556743,0.0038477551112426345,0.11335554494333024,-39.04207362885049,-0.8487407310619671,6.354220197878255,3.4963768115942018,hgb_under_5p0_all,2024
hgb_under_5p0_consensus__2017,2,334,334,142,192,0,0.4251497005988024,0.27437641723356004,0.37327730075889076,0.478724347350756,169.65289256198355,0.5079427921017472,7.295985886580806,-3.480538922155689,hgb_under_5p0_consensus,2017
hgb_under_5p0_consensus__2018,2,405,405,124,281,0,0.30617283950617286,0.27437641723356004,0.2632796314544686,0.3527085654413464,33.049586776859556,0.08160391796755447,7.83434144737206,0.6734567901234568,hgb_under_5p0_consensus,2018
hgb_under_5p0_consensus__2019,2,125,125,31,94,0,0.248,0.27437641723356004,0.18056639010525916,0.3304611041202084,-20.694214876033044,-0.16555371900826435,6.702390552531539,2.144,hgb_under_5p0_consensus,2019
hgb_under_5p0_consensus__2020,2,136,136,27,109,0,0.19852941176470587,0.27437641723356004,0.14018035078929258,0.2734419189787878,-37.59504132231404,-0.27643412736995615,7.3056587422121995,4.5974264705882355,hgb_under_5p0_consensus,2020
hgb_under_5p0_consensus__2021,2,610,610,198,412,0,0.32459016393442625,0.27437641723356004,0.28863095824019597,0.3627449015907442,96.01652892561992,0.1574041457797048,7.047735893943185,-1.2245901639344263,hgb_under_5p0_consensus,2021
hgb_under_5p0_consensus__2022,2,143,143,45,98,0,0.3146853146853147,0.27437641723356004,0.2442641903306046,0.3948026681073313,21.00826446280994,0.1469109402993702,6.690104826743891,-1.9877622377622377,hgb_under_5p0_consensus,2022
hgb_under_5p0_consensus__2017,3,855,855,228,627,0,0.26666666666666666,0.1437209804556743,0.23811628562183687,0.297304448539154,638.634861006762,0.7469413579026456,7.407454110826162,-3.293957115009747,hgb_under_5p0_consensus,2017
hgb_under_5p0_consensus__2018,3,987,987,164,823,0,0.1661600810536981,0.1437209804556743,0.1442412253767917,0.19066760364290222,111.02704733283264,0.11248940965839173,7.850521428626929,0.9241810199257009,hgb_under_5p0_consensus,2018
hgb_under_5p0_consensus__2019,3,194,194,26,168,0,0.13402061855670103,0.1437209804556743,0.09312615773797961,0.1891279283591809,-46.226897069872265,-0.23828297458697045,6.719859886794503,1.5489690721649487,hgb_under_5p0_consensus,2019
hgb_under_5p0_consensus__2020,3,251,251,16,235,0,0.06374501992031872,0.1437209804556743,0.03961439602148448,0.10102826200609033,-139.6731780616078,-0.5564668448669634,7.333487449406238,5.838645418326693,hgb_under_5p0_consensus,2020
hgb_under_5p0_consensus__2021,3,1957,1957,365,1592,0,0.18650996423096577,0.1437209804556743,0.16987222479715888,0.2043760571650353,463.3643876784375,0.23677280923783214,7.116841082429957,-1.4029126213592236,hgb_under_5p0_consensus,2021
hgb_under_5p0_consensus__2022,3,193,193,37,156,0,0.19170984455958548,0.1437209804556743,0.14240583708607246,0.25304715659006094,64.44327573253197,0.33390298307011385,6.774544252348763,-1.5077720207253886,hgb_under_5p0_consensus,2022
hgb_under_5p0_high_total__2016,2,131,131,54,77,0,0.4122137404580153,0.27437641723356004,0.33159355753630504,0.49783593603244525,55.396694214876064,0.42287552835783254,7.335837546795007,-4.301526717557252,hgb_under_5p0_high_total,2016
hgb_under_5p0_high_total__2017,2,104,104,42,62,0,0.40384615384615385,0.27437641723356004,0.3145997514967952,0.49994305944072803,49.07438016528927,0.4718690400508584,7.392302183746659,-2.670673076923077,hgb_under_5p0_high_total,2017
hgb_under_5p0_high_total__2018,2,237,237,95,142,0,0.4008438818565401,0.27437641723356004,0.34051137577400536,0.4643396134238742,98.82644628099177,0.4169892248143113,8.196450248557728,-1.1571729957805907,hgb_under_5p0_high_total,2018
hgb_under_5p0_high_total__2019,2,47,47,12,35,0,0.2553191489361702,0.27437641723356004,0.15253006046383732,0.3950844913992039,-8.471074380165286,-0.18023562510989968,6.734767099494571,2.771276595744681,hgb_under_5p0_high_total,2019
hgb_under_5p0_high_total__2020,2,75,75,18,57,0,0.24,0.27437641723356004,0.15754748728758244,0.3477897965828615,-9.396694214876026,-0.12528925619834702,7.460013564708582,3.276666666666667,hgb_under_5p0_high_total,2020
hgb_under_5p0_high_total__2021,2,177,177,66,111,0,0.3728813559322034,0.27437641723356004,0.3050498185990098,0.4461136305188922,63.545454545454575,0.35901386748844394,7.162279719159286,-3.0324858757062145,hgb_under_5p0_high_total,2021
hgb_under_5p0_high_total__2022,2,65,65,20,45,0,0.3076923076923077,0.27437641723356004,0.20886876704271462,0.4279787205229433,7.892561983471083,0.12142403051493973,6.497036788538896,-2.7115384615384617,hgb_under_5p0_high_total,2022
hgb_under_5p0_high_total__2023,2,11,11,4,7,0,0.36363636363636365,0.27437641723356004,0.15166223614131383,0.6462032231083628,3.5785123966942165,0.32531930879038334,6.368607666648999,-4.704545454545454,hgb_under_5p0_high_total,2023
hgb_under_5p0_high_total__2024,2,22,22,7,15,0,0.3181818181818182,0.27437641723356004,0.1636038735469248,0.5268177721716065,1.776859504132235,0.08076634109691977,6.624209974503881,1.5,hgb_under_5p0_high_total,2024
hgb_under_5p0_high_total__2016,3,187,187,64,123,0,0.3422459893048128,0.1437209804556743,0.27803034567686213,0.4128127409457609,208.60781367392943,1.115549805742938,7.422935012897985,-6.280748663101604,hgb_under_5p0_high_total,2016
hgb_under_5p0_high_total__2017,3,124,124,31,93,0,0.25,0.1437209804556743,0.18207534390170776,0.33294949934180607,91.69571750563489,0.7394815927873781,7.444650535012407,-2.661290322580645,hgb_under_5p0_high_total,2017
hgb_under_5p0_high_total__2018,3,486,486,121,365,0,0.24897119341563786,0.1437209804556743,0.21259529220034729,0.2892844991444466,322.7761081893314,0.6641483707599412,8.214447285221057,-1.0747599451303154,hgb_under_5p0_high_total,2018
hgb_under_5p0_high_total__2019,3,44,44,5,39,0,0.11363636363636363,0.1437209804556743,0.04952707589567494,0.23979435148133582,-19.15026296018031,-0.43523324909500705,6.842610409505064,1.7840909090909092,hgb_under_5p0_high_total,2019
hgb_under_5p0_high_total__2020,3,93,93,9,84,0,0.0967741935483871,0.1437209804556743,0.05175108300166125,0.17378835459540445,-30.37866265965439,-0.32665228666295043,7.440577848097548,4.159498207885305,hgb_under_5p0_high_total,2020
hgb_under_5p0_high_total__2021,3,274,274,60,214,0,0.21897810218978103,0.1437209804556743,0.17408035315246115,0.2716469965316755,143.47558226897075,0.5236335119305502,7.267249467337209,-2.7731143552311432,hgb_under_5p0_high_total,2021
hgb_under_5p0_high_total__2022,3,47,47,11,36,0,0.23404255319148937,0.1437209804556743,0.13603136423924594,0.37224532256840764,29.537190082644635,0.6284508528222262,6.397577838403329,-2.5531914893617023,hgb_under_5p0_high_total,2022
hgb_under_5p0_high_total__2023,3,2,2,1,1,0,0.5,0.1437209804556743,0.09452865480086614,0.9054713451991339,4.9579263711495125,2.4789631855747563,6.63934865823758,-11.25,hgb_under_5p0_high_total,2023
hgb_under_5p0_high_total__2024,3,9,9,1,8,0,0.1111111111111111,0.1437209804556743,0.019890371327130535,0.4350062147680601,-2.0420736288504875,-0.2268970698722764,6.931181192941134,3.425925925925926,hgb_under_5p0_high_total,2024
